{"vSVM,1e-06,sat20": [[1728, 61], [43, 66]], "MWMOTE,-1,sat20": [[1661, 128], [25, 84]], "SMOTE,-1,sat20": [[1677, 112], [25, 84]], "vSVM,4,sat20": [[1789, 0], [109, 0]], "vSVM,2,sat20": [[1789, 0], [108, 1]], "vSVM,32,sat20": [[1789, 0], [109, 0]], "vSVM,1e-07,sat20": [[1488, 301], [16, 93]], "vSVM,1,sat20": [[1789, 0], [95, 14]], "vSVM,0.0001,sat20": [[1736, 53], [44, 65]], "vSVM,0.1,sat20": [[1723, 66], [46, 63]], "AdaBoostClassifier,-1,sat20": [[1760, 29], [57, 52]], "vSVM,8,sat20": [[1789, 0], [109, 0]], "vSVM,0.001,sat20": [[1734, 55], [44, 65]], "vSVM,0.01,sat20": [[1738, 51], [41, 68]], "vSVM,1e-05,sat20": [[1738, 51], [44, 65]], "EasyEnsemble,-1,sat20": [[1576, 213], [10, 99]], "vSVM,1e-08,sat20": [[1488, 301], [16, 93]], "vSVM,16,sat20": [[1789, 0], [109, 0]]}