{"vSVM,1,letter": [[19211, 0], [536, 253]], "vSVM,0.0001,uair": [[26892, 2025], [1860, 2127]], "EasyEnsemble,-1,iono": [[214, 11], [4, 122]], "vSVM,1,abalone": [[3295, 621], [149, 112]], "MWMOTE,-1,sat": [[1619, 170], [33, 178]], "AdaBoostClassifier,-1,uair": [[28103, 814], [683, 3304]], "MWMOTE,-1,uair": [[27517, 1400], [263, 3724]], "MWMOTE,-1,abalone": [[3695, 221], [138, 123]], "AdaBoostClassifier,-1,pima": [[420, 80], [110, 158]], "vSVM,4,abalone": [[3792, 124], [238, 23]], "vSVM,8,sat": [[1789, 0], [211, 0]], "vSVM,0.1,uair": [[27818, 1099], [2369, 1618]], "AdaBoostClassifier,-1,haber": [[198, 27], [60, 21]], "vSVM,32,pima": [[500, 0], [268, 0]], "vSVM,4,pima": [[500, 0], [268, 0]], "MWMOTE,-1,mf-mor": [[1799, 1], [3, 197]], "vSVM,2,pima": [[500, 0], [268, 0]], "AdaBoostClassifier,-1,letter": [[19142, 69], [105, 684]], "vSVM,16,pima": [[500, 0], [268, 0]], "vSVM,16,uair": [[28917, 0], [3987, 0]], "EasyEnsemble,-1,uair": [[26770, 2147], [168, 3819]], "SMOTE,-1,haber": [[155, 70], [41, 40]], "vSVM,1e-06,uair": [[26941, 1976], [1911, 2076]], "MWMOTE,-1,iono": [[210, 15], [17, 109]], "vSVM,0.001,letter": [[19016, 195], [397, 392]], "vSVM,1e-05,abalone": [[2910, 1006], [144, 117]], "vSVM,32,letter": [[19211, 0], [764, 25]], "vSVM,1e-06,letter": [[19073, 138], [449, 340]], "vSVM,0.01,iono": [[37, 188], [65, 61]], "vSVM,1e-05,mf-mor": [[1800, 0], [55, 145]], "EasyEnsemble,-1,isolet": [[1432, 67], [1, 59]], "vSVM,2,abalone": [[3497, 419], [188, 73]], "vSVM,1,uair": [[28915, 2], [3982, 5]], "vSVM,8,uair": [[28917, 0], [3987, 0]], "vSVM,8,iono": [[225, 0], [125, 1]], "EasyEnsemble,-1,letter": [[18690, 521], [7, 782]], "AdaBoostClassifier,-1,mf-zer": [[1792, 8], [16, 184]], "vSVM,2,uair": [[28917, 0], [3986, 1]], "vSVM,8,mf-zer": [[1800, 0], [200, 0]], "vSVM,4,iono": [[225, 0], [125, 1]], "SMOTE,-1,pima": [[344, 156], [58, 210]], "AdaBoostClassifier,-1,sat": [[1744, 45], [98, 113]], "vSVM,0.0001,letter": [[19005, 206], [403, 386]], "vSVM,0.001,mf-mor": [[1800, 0], [108, 92]], "vSVM,1e-08,isolet": [[1213, 286], [17, 43]], "vSVM,32,iono": [[225, 0], [125, 1]], "vSVM,8,letter": [[19211, 0], [755, 34]], "vSVM,1e-08,mf-mor": [[1578, 222], [158, 42]], "vSVM,16,letter": [[19211, 0], [772, 17]], "vSVM,2,isolet": [[1499, 0], [60, 0]], "vSVM,1,isolet": [[1499, 0], [60, 0]], "vSVM,1e-06,iono": [[48, 177], [71, 55]], "vSVM,32,mf-mor": [[1800, 0], [104, 96]], "vSVM,0.001,uair": [[26906, 2011], [1862, 2125]], "vSVM,8,mf-mor": [[1800, 0], [101, 99]], "vSVM,0.01,uair": [[26997, 1920], [1902, 2085]], "vSVM,0.01,mf-mor": [[1800, 0], [100, 100]], "EasyEnsemble,-1,haber": [[152, 73], [29, 52]], "vSVM,32,mf-zer": [[1800, 0], [200, 0]], "MWMOTE,-1,haber": [[137, 88], [39, 42]], "vSVM,1e-05,mf-zer": [[1800, 0], [105, 95]], "vSVM,32,haber": [[221, 4], [79, 2]], "vSVM,2,sat": [[1789, 0], [208, 3]], "EasyEnsemble,-1,pima": [[391, 109], [45, 223]], "SMOTE,-1,uair": [[27696, 1221], [342, 3645]], "vSVM,1e-05,pima": [[305, 195], [138, 130]], "vSVM,1e-07,haber": [[68, 157], [30, 51]], "vSVM,1e-06,mf-mor": [[1800, 0], [149, 51]], "vSVM,2,mf-mor": [[1800, 0], [101, 99]], "vSVM,4,haber": [[209, 16], [71, 10]], "AdaBoostClassifier,-1,iono": [[216, 9], [24, 102]], "vSVM,0.001,haber": [[135, 90], [43, 38]], "MWMOTE,-1,mf-zer": [[1790, 10], [7, 193]], "SMOTE,-1,iono": [[209, 16], [16, 110]], "vSVM,1e-08,abalone": [[2573, 1343], [122, 139]], "vSVM,4,mf-mor": [[1800, 0], [102, 98]], "vSVM,0.001,abalone": [[2810, 1106], [132, 129]], "vSVM,0.1,mf-zer": [[1800, 0], [119, 81]], "AdaBoostClassifier,-1,isolet": [[1496, 3], [10, 50]], "vSVM,1,sat": [[1787, 2], [170, 41]], "vSVM,0.001,sat": [[1737, 52], [94, 117]], "vSVM,1,iono": [[225, 0], [123, 3]], "vSVM,0.1,pima": [[318, 182], [142, 126]], "vSVM,1e-07,iono": [[48, 177], [63, 63]], "vSVM,1e-07,uair": [[27153, 1764], [2202, 1785]], "vSVM,1e-08,pima": [[13, 487], [11, 257]], "vSVM,1e-08,letter": [[13831, 5380], [240, 549]], "vSVM,1e-06,pima": [[276, 224], [150, 118]], "AdaBoostClassifier,-1,mf-mor": [[1797, 3], [3, 197]], "vSVM,1e-08,haber": [[90, 135], [33, 48]], "vSVM,0.01,abalone": [[2816, 1100], [129, 132]], "vSVM,0.0001,isolet": [[1473, 26], [36, 24]], "vSVM,1,mf-zer": [[1800, 0], [200, 0]], "vSVM,8,haber": [[219, 6], [77, 4]], "vSVM,0.0001,pima": [[308, 192], [137, 131]], "vSVM,0.001,iono": [[42, 183], [65, 61]], "vSVM,4,sat": [[1789, 0], [211, 0]], "EasyEnsemble,-1,mf-mor": [[1784, 16], [0, 200]], "vSVM,2,haber": [[185, 40], [67, 14]], "vSVM,1e-07,abalone": [[1653, 2263], [68, 193]], "vSVM,1e-07,mf-mor": [[1017, 783], [82, 118]], "vSVM,0.0001,mf-zer": [[1800, 0], [100, 100]], "MWMOTE,-1,isolet": [[1494, 5], [9, 51]], "vSVM,0.0001,sat": [[1736, 53], [93, 118]], "vSVM,1e-05,sat": [[1733, 56], [93, 118]], "vSVM,1,pima": [[492, 8], [260, 8]], "vSVM,4,letter": [[19211, 0], [763, 26]], "vSVM,1e-06,haber": [[129, 96], [44, 37]], "EasyEnsemble,-1,mf-zer": [[1781, 19], [3, 197]], "vSVM,16,mf-zer": [[1800, 0], [200, 0]], "vSVM,0.01,haber": [[133, 92], [41, 40]], "vSVM,0.1,isolet": [[1499, 0], [60, 0]], "vSVM,0.1,haber": [[126, 99], [42, 39]], "SMOTE,-1,letter": [[19101, 110], [84, 705]], "vSVM,1e-05,uair": [[26888, 2029], [1860, 2127]], "vSVM,1e-08,iono": [[24, 201], [54, 72]], "EasyEnsemble,-1,sat": [[1559, 230], [18, 193]], "vSVM,1e-06,sat": [[1691, 98], [68, 143]], "vSVM,0.1,abalone": [[2965, 951], [132, 129]], "vSVM,32,abalone": [[3916, 0], [261, 0]], "vSVM,0.01,letter": [[19072, 139], [398, 391]], "SMOTE,-1,sat": [[1598, 191], [38, 173]], "vSVM,1e-05,iono": [[36, 189], [65, 61]], "vSVM,1e-08,sat": [[1439, 350], [22, 189]], "vSVM,0.1,sat": [[1732, 57], [97, 114]], "vSVM,1e-08,uair": [[24907, 4010], [1377, 2610]], "vSVM,8,isolet": [[1499, 0], [60, 0]], "vSVM,16,abalone": [[3916, 0], [261, 0]], "vSVM,0.1,iono": [[153, 72], [113, 13]], "vSVM,0.01,sat": [[1735, 54], [92, 119]], "vSVM,1e-07,pima": [[278, 222], [150, 118]], "vSVM,16,mf-mor": [[1800, 0], [101, 99]], "vSVM,1e-07,mf-zer": [[1592, 208], [63, 137]], "MWMOTE,-1,pima": [[326, 174], [71, 197]], "vSVM,32,sat": [[1789, 0], [211, 0]], "vSVM,32,isolet": [[1499, 0], [60, 0]], "vSVM,0.0001,abalone": [[2817, 1099], [134, 127]], "vSVM,0.01,isolet": [[1474, 25], [36, 24]], "vSVM,1e-08,mf-zer": [[1330, 470], [59, 141]], "vSVM,32,uair": [[28917, 0], [3987, 0]], "vSVM,0.01,pima": [[305, 195], [140, 128]], "vSVM,4,mf-zer": [[1800, 0], [200, 0]], "vSVM,1,haber": [[158, 67], [53, 28]], "vSVM,0.0001,mf-mor": [[1800, 0], [139, 61]], "vSVM,1e-05,haber": [[125, 100], [44, 37]], "SMOTE,-1,isolet": [[1493, 6], [7, 53]], "vSVM,0.1,letter": [[19195, 16], [395, 394]], "vSVM,0.01,mf-zer": [[1800, 0], [102, 98]], "MWMOTE,-1,letter": [[19079, 132], [74, 715]], "SMOTE,-1,abalone": [[3707, 209], [143, 118]], "vSVM,1e-05,letter": [[19022, 189], [402, 387]], "vSVM,16,iono": [[225, 0], [124, 2]], "vSVM,8,pima": [[500, 0], [268, 0]], "vSVM,1e-05,isolet": [[1473, 26], [36, 24]], "AdaBoostClassifier,-1,abalone": [[3855, 61], [212, 49]], "vSVM,1,mf-mor": [[1800, 0], [98, 102]], "vSVM,0.001,pima": [[304, 196], [134, 134]], "vSVM,1e-06,isolet": [[1467, 32], [36, 24]], "vSVM,1e-06,mf-zer": [[1797, 3], [97, 103]], "vSVM,8,abalone": [[3911, 5], [261, 0]], "vSVM,1e-07,letter": [[17220, 1991], [260, 529]], "vSVM,1e-07,sat": [[1428, 361], [22, 189]], "vSVM,16,isolet": [[1499, 0], [60, 0]], "vSVM,16,haber": [[221, 4], [79, 2]], "vSVM,1e-06,abalone": [[2466, 1450], [99, 162]], "vSVM,0.001,isolet": [[1473, 26], [36, 24]], "vSVM,16,sat": [[1789, 0], [211, 0]], "vSVM,0.0001,iono": [[39, 186], [64, 62]], "vSVM,0.0001,haber": [[138, 87], [43, 38]], "vSVM,0.001,mf-zer": [[1800, 0], [102, 98]], "vSVM,4,isolet": [[1499, 0], [60, 0]], "SMOTE,-1,mf-zer": [[1791, 9], [13, 187]], "vSVM,2,letter": [[19211, 0], [705, 84]], "SMOTE,-1,mf-mor": [[1798, 2], [3, 197]], "vSVM,2,mf-zer": [[1800, 0], [200, 0]], "vSVM,2,iono": [[225, 0], [124, 2]], "vSVM,0.1,mf-mor": [[1800, 0], [101, 99]], "vSVM,1e-07,isolet": [[1307, 192], [19, 41]], "EasyEnsemble,-1,abalone": [[3186, 730], [39, 222]], "vSVM,4,uair": [[28917, 0], [3987, 0]]}