{"vSVM,1,letter": [[19211, 0], [538, 251]], "vSVM,0.0001,uair": [[26892, 2025], [1860, 2127]], "EasyEnsemble,-1,iono": [[218, 7], [2, 124]], "vSVM,1,abalone": [[3287, 629], [152, 109]], "MWMOTE,-1,sat": [[1629, 160], [34, 177]], "AdaBoostClassifier,-1,uair": [[28103, 814], [683, 3304]], "MWMOTE,-1,uair": [[27518, 1399], [279, 3708]], "MWMOTE,-1,abalone": [[3695, 221], [134, 127]], "AdaBoostClassifier,-1,pima": [[423, 77], [113, 155]], "vSVM,4,abalone": [[3792, 124], [240, 21]], "vSVM,8,sat": [[1789, 0], [211, 0]], "vSVM,0.1,uair": [[27818, 1099], [2369, 1618]], "AdaBoostClassifier,-1,haber": [[200, 25], [62, 19]], "vSVM,32,pima": [[500, 0], [268, 0]], "vSVM,4,pima": [[500, 0], [268, 0]], "MWMOTE,-1,mf-mor": [[1797, 3], [3, 197]], "vSVM,2,pima": [[500, 0], [268, 0]], "AdaBoostClassifier,-1,letter": [[19150, 61], [102, 687]], "vSVM,16,pima": [[500, 0], [268, 0]], "vSVM,16,uair": [[28917, 0], [3987, 0]], "EasyEnsemble,-1,uair": [[26704, 2213], [174, 3813]], "SMOTE,-1,haber": [[144, 81], [34, 47]], "vSVM,1e-06,uair": [[26941, 1976], [1911, 2076]], "MWMOTE,-1,iono": [[200, 25], [15, 111]], "vSVM,0.001,letter": [[19002, 209], [397, 392]], "vSVM,1e-05,abalone": [[2838, 1078], [133, 128]], "vSVM,32,letter": [[19211, 0], [764, 25]], "vSVM,1e-06,letter": [[19080, 131], [470, 319]], "vSVM,0.01,iono": [[35, 190], [65, 61]], "vSVM,1e-05,mf-mor": [[1800, 0], [27, 173]], "EasyEnsemble,-1,isolet": [[1435, 64], [0, 60]], "vSVM,2,abalone": [[3491, 425], [186, 75]], "vSVM,1,uair": [[28915, 2], [3982, 5]], "vSVM,8,uair": [[28917, 0], [3987, 0]], "vSVM,8,iono": [[225, 0], [126, 0]], "EasyEnsemble,-1,letter": [[18733, 478], [10, 779]], "AdaBoostClassifier,-1,mf-zer": [[1792, 8], [15, 185]], "vSVM,2,uair": [[28917, 0], [3986, 1]], "vSVM,8,mf-zer": [[1800, 0], [200, 0]], "vSVM,4,iono": [[225, 0], [126, 0]], "SMOTE,-1,pima": [[347, 153], [60, 208]], "AdaBoostClassifier,-1,sat": [[1744, 45], [98, 113]], "vSVM,0.0001,letter": [[19007, 204], [395, 394]], "vSVM,0.001,mf-mor": [[1800, 0], [105, 95]], "vSVM,1e-08,isolet": [[1213, 286], [17, 43]], "vSVM,32,iono": [[225, 0], [126, 0]], "vSVM,8,letter": [[19211, 0], [756, 33]], "vSVM,1e-08,mf-mor": [[943, 857], [78, 122]], "vSVM,16,letter": [[19211, 0], [765, 24]], "vSVM,2,isolet": [[1499, 0], [60, 0]], "vSVM,1,isolet": [[1499, 0], [60, 0]], "vSVM,1e-06,iono": [[39, 186], [65, 61]], "vSVM,32,mf-mor": [[1800, 0], [106, 94]], "vSVM,0.001,uair": [[26906, 2011], [1862, 2125]], "vSVM,8,mf-mor": [[1800, 0], [102, 98]], "vSVM,0.01,uair": [[26997, 1920], [1902, 2085]], "vSVM,0.01,mf-mor": [[1800, 0], [105, 95]], "EasyEnsemble,-1,haber": [[154, 71], [30, 51]], "vSVM,32,mf-zer": [[1800, 0], [200, 0]], "MWMOTE,-1,haber": [[131, 94], [38, 43]], "vSVM,1e-05,mf-zer": [[1800, 0], [110, 90]], "vSVM,32,haber": [[223, 2], [80, 1]], "vSVM,2,sat": [[1789, 0], [208, 3]], "EasyEnsemble,-1,pima": [[394, 106], [48, 220]], "SMOTE,-1,uair": [[27843, 1074], [366, 3621]], "vSVM,1e-05,pima": [[314, 186], [141, 127]], "vSVM,1e-07,haber": [[14, 211], [7, 74]], "vSVM,1e-06,mf-mor": [[1800, 0], [48, 152]], "vSVM,2,mf-mor": [[1800, 0], [98, 102]], "vSVM,4,haber": [[206, 19], [74, 7]], "AdaBoostClassifier,-1,iono": [[218, 7], [19, 107]], "vSVM,0.001,haber": [[131, 94], [40, 41]], "MWMOTE,-1,mf-zer": [[1791, 9], [9, 191]], "SMOTE,-1,iono": [[206, 19], [23, 103]], "vSVM,1e-08,abalone": [[1160, 2756], [26, 235]], "vSVM,4,mf-mor": [[1800, 0], [99, 101]], "vSVM,0.001,abalone": [[2817, 1099], [131, 130]], "vSVM,0.1,mf-zer": [[1800, 0], [113, 87]], "AdaBoostClassifier,-1,isolet": [[1496, 3], [10, 50]], "vSVM,1,sat": [[1787, 2], [170, 41]], "vSVM,0.001,sat": [[1737, 52], [94, 117]], "vSVM,1,iono": [[225, 0], [123, 3]], "vSVM,0.1,pima": [[320, 180], [140, 128]], "vSVM,1e-07,iono": [[56, 169], [69, 57]], "vSVM,1e-07,uair": [[27153, 1764], [2202, 1785]], "vSVM,1e-08,pima": [[154, 346], [99, 169]], "vSVM,1e-08,letter": [[13771, 5440], [236, 553]], "vSVM,1e-06,pima": [[392, 108], [184, 84]], "AdaBoostClassifier,-1,mf-mor": [[1799, 1], [3, 197]], "vSVM,1e-08,haber": [[115, 110], [47, 34]], "vSVM,0.01,abalone": [[2803, 1113], [133, 128]], "vSVM,0.0001,isolet": [[1473, 26], [36, 24]], "vSVM,1,mf-zer": [[1800, 0], [200, 0]], "vSVM,8,haber": [[221, 4], [75, 6]], "vSVM,0.0001,pima": [[303, 197], [134, 134]], "vSVM,0.001,iono": [[36, 189], [61, 65]], "vSVM,4,sat": [[1789, 0], [211, 0]], "EasyEnsemble,-1,mf-mor": [[1790, 10], [0, 200]], "vSVM,2,haber": [[183, 42], [65, 16]], "vSVM,1e-07,abalone": [[870, 3046], [9, 252]], "vSVM,1e-07,mf-mor": [[1519, 281], [135, 65]], "vSVM,0.0001,mf-zer": [[1799, 1], [104, 96]], "MWMOTE,-1,isolet": [[1493, 6], [7, 53]], "vSVM,0.0001,sat": [[1736, 53], [93, 118]], "vSVM,1e-05,sat": [[1733, 56], [93, 118]], "vSVM,1,pima": [[487, 13], [258, 10]], "vSVM,4,letter": [[19211, 0], [773, 16]], "vSVM,1e-06,haber": [[121, 104], [39, 42]], "EasyEnsemble,-1,mf-zer": [[1780, 20], [2, 198]], "vSVM,16,mf-zer": [[1800, 0], [200, 0]], "vSVM,0.01,haber": [[129, 96], [41, 40]], "vSVM,0.1,isolet": [[1499, 0], [60, 0]], "vSVM,0.1,haber": [[122, 103], [44, 37]], "SMOTE,-1,letter": [[19106, 105], [85, 704]], "vSVM,1e-05,uair": [[26888, 2029], [1860, 2127]], "vSVM,1e-08,iono": [[24, 201], [55, 71]], "EasyEnsemble,-1,sat": [[1562, 227], [17, 194]], "vSVM,1e-06,sat": [[1691, 98], [68, 143]], "vSVM,0.1,abalone": [[2953, 963], [131, 130]], "vSVM,32,abalone": [[3916, 0], [261, 0]], "vSVM,0.01,letter": [[19060, 151], [391, 398]], "SMOTE,-1,sat": [[1610, 179], [30, 181]], "vSVM,1e-05,iono": [[34, 191], [63, 63]], "vSVM,1e-08,sat": [[1439, 350], [22, 189]], "vSVM,0.1,sat": [[1732, 57], [97, 114]], "vSVM,1e-08,uair": [[24907, 4010], [1377, 2610]], "vSVM,8,isolet": [[1499, 0], [60, 0]], "vSVM,16,abalone": [[3916, 0], [261, 0]], "vSVM,0.1,iono": [[153, 72], [109, 17]], "vSVM,0.01,sat": [[1735, 54], [92, 119]], "vSVM,1e-07,pima": [[190, 310], [102, 166]], "vSVM,16,mf-mor": [[1800, 0], [102, 98]], "vSVM,1e-07,mf-zer": [[1564, 236], [43, 157]], "MWMOTE,-1,pima": [[329, 171], [56, 212]], "vSVM,32,sat": [[1789, 0], [211, 0]], "vSVM,32,isolet": [[1499, 0], [60, 0]], "vSVM,0.0001,abalone": [[2832, 1084], [135, 126]], "vSVM,0.01,isolet": [[1474, 25], [36, 24]], "vSVM,1e-08,mf-zer": [[1586, 214], [99, 101]], "vSVM,32,uair": [[28917, 0], [3987, 0]], "vSVM,0.01,pima": [[308, 192], [136, 132]], "vSVM,4,mf-zer": [[1800, 0], [200, 0]], "vSVM,1,haber": [[156, 69], [55, 26]], "vSVM,0.0001,mf-mor": [[1800, 0], [125, 75]], "vSVM,1e-05,haber": [[131, 94], [44, 37]], "SMOTE,-1,isolet": [[1494, 5], [9, 51]], "vSVM,0.1,letter": [[19194, 17], [396, 393]], "vSVM,0.01,mf-zer": [[1800, 0], [101, 99]], "MWMOTE,-1,letter": [[19081, 130], [73, 716]], "SMOTE,-1,abalone": [[3701, 215], [138, 123]], "vSVM,1e-05,letter": [[19011, 200], [390, 399]], "vSVM,16,iono": [[225, 0], [124, 2]], "vSVM,8,pima": [[500, 0], [268, 0]], "vSVM,1e-05,isolet": [[1473, 26], [36, 24]], "AdaBoostClassifier,-1,abalone": [[3865, 51], [209, 52]], "vSVM,1,mf-mor": [[1800, 0], [98, 102]], "vSVM,0.001,pima": [[302, 198], [134, 134]], "vSVM,1e-06,isolet": [[1467, 32], [36, 24]], "vSVM,1e-06,mf-zer": [[1796, 4], [84, 116]], "vSVM,8,abalone": [[3912, 4], [261, 0]], "vSVM,1e-07,letter": [[17681, 1530], [392, 397]], "vSVM,1e-07,sat": [[1428, 361], [22, 189]], "vSVM,16,isolet": [[1499, 0], [60, 0]], "vSVM,16,haber": [[222, 3], [79, 2]], "vSVM,1e-06,abalone": [[2652, 1264], [118, 143]], "vSVM,0.001,isolet": [[1473, 26], [36, 24]], "vSVM,16,sat": [[1789, 0], [211, 0]], "vSVM,0.0001,iono": [[32, 193], [63, 63]], "vSVM,0.0001,haber": [[135, 90], [46, 35]], "vSVM,0.001,mf-zer": [[1800, 0], [98, 102]], "vSVM,4,isolet": [[1499, 0], [60, 0]], "SMOTE,-1,mf-zer": [[1791, 9], [13, 187]], "vSVM,2,letter": [[19211, 0], [713, 76]], "SMOTE,-1,mf-mor": [[1796, 4], [2, 198]], "vSVM,2,mf-zer": [[1800, 0], [200, 0]], "vSVM,2,iono": [[225, 0], [125, 1]], "vSVM,0.1,mf-mor": [[1800, 0], [100, 100]], "vSVM,1e-07,isolet": [[1307, 192], [19, 41]], "EasyEnsemble,-1,abalone": [[3153, 763], [25, 236]], "vSVM,4,uair": [[28917, 0], [3987, 0]]}