{"vSVM,1,letter": [[19211, 0], [547, 242]], "vSVM,0.0001,uair": [[26892, 2025], [1860, 2127]], "EasyEnsemble,-1,iono": [[217, 8], [4, 122]], "vSVM,1,abalone": [[3305, 611], [156, 105]], "MWMOTE,-1,sat": [[1608, 181], [36, 175]], "AdaBoostClassifier,-1,uair": [[28103, 814], [683, 3304]], "MWMOTE,-1,uair": [[27524, 1393], [279, 3708]], "MWMOTE,-1,abalone": [[3687, 229], [143, 118]], "AdaBoostClassifier,-1,pima": [[415, 85], [111, 157]], "vSVM,4,abalone": [[3794, 122], [235, 26]], "vSVM,8,sat": [[1789, 0], [211, 0]], "vSVM,0.1,uair": [[27818, 1099], [2369, 1618]], "AdaBoostClassifier,-1,haber": [[198, 27], [56, 25]], "vSVM,32,pima": [[500, 0], [268, 0]], "vSVM,4,pima": [[500, 0], [268, 0]], "MWMOTE,-1,mf-mor": [[1797, 3], [3, 197]], "vSVM,2,pima": [[500, 0], [268, 0]], "AdaBoostClassifier,-1,letter": [[19149, 62], [115, 674]], "vSVM,16,pima": [[500, 0], [268, 0]], "vSVM,16,uair": [[28917, 0], [3987, 0]], "EasyEnsemble,-1,uair": [[26639, 2278], [162, 3825]], "SMOTE,-1,haber": [[150, 75], [38, 43]], "vSVM,1e-06,uair": [[26941, 1976], [1911, 2076]], "MWMOTE,-1,iono": [[197, 28], [18, 108]], "vSVM,0.001,letter": [[19009, 202], [394, 395]], "vSVM,1e-05,abalone": [[2886, 1030], [133, 128]], "vSVM,32,letter": [[19211, 0], [761, 28]], "vSVM,1e-06,letter": [[19108, 103], [451, 338]], "vSVM,0.01,iono": [[36, 189], [64, 62]], "vSVM,1e-05,mf-mor": [[1800, 0], [77, 123]], "EasyEnsemble,-1,isolet": [[1442, 57], [1, 59]], "vSVM,2,abalone": [[3509, 407], [191, 70]], "vSVM,1,uair": [[28915, 2], [3982, 5]], "vSVM,8,uair": [[28917, 0], [3987, 0]], "vSVM,8,iono": [[225, 0], [125, 1]], "EasyEnsemble,-1,letter": [[18729, 482], [14, 775]], "AdaBoostClassifier,-1,mf-zer": [[1793, 7], [15, 185]], "vSVM,2,uair": [[28917, 0], [3986, 1]], "vSVM,8,mf-zer": [[1800, 0], [200, 0]], "vSVM,4,iono": [[225, 0], [125, 1]], "SMOTE,-1,pima": [[331, 169], [50, 218]], "AdaBoostClassifier,-1,sat": [[1744, 45], [98, 113]], "vSVM,0.0001,letter": [[19000, 211], [397, 392]], "vSVM,0.001,mf-mor": [[1800, 0], [100, 100]], "vSVM,1e-08,isolet": [[1213, 286], [17, 43]], "vSVM,32,iono": [[225, 0], [126, 0]], "vSVM,8,letter": [[19211, 0], [765, 24]], "vSVM,1e-08,mf-mor": [[1223, 577], [122, 78]], "vSVM,16,letter": [[19211, 0], [760, 29]], "vSVM,2,isolet": [[1499, 0], [60, 0]], "vSVM,1,isolet": [[1499, 0], [60, 0]], "vSVM,1e-06,iono": [[44, 181], [69, 57]], "vSVM,32,mf-mor": [[1800, 0], [106, 94]], "vSVM,0.001,uair": [[26906, 2011], [1862, 2125]], "vSVM,8,mf-mor": [[1800, 0], [102, 98]], "vSVM,0.01,uair": [[26997, 1920], [1902, 2085]], "vSVM,0.01,mf-mor": [[1800, 0], [104, 96]], "EasyEnsemble,-1,haber": [[151, 74], [23, 58]], "vSVM,32,mf-zer": [[1800, 0], [200, 0]], "MWMOTE,-1,haber": [[138, 87], [35, 46]], "vSVM,1e-05,mf-zer": [[1800, 0], [107, 93]], "vSVM,32,haber": [[224, 1], [78, 3]], "vSVM,2,sat": [[1789, 0], [208, 3]], "EasyEnsemble,-1,pima": [[393, 107], [48, 220]], "SMOTE,-1,uair": [[27812, 1105], [360, 3627]], "vSVM,1e-05,pima": [[310, 190], [140, 128]], "vSVM,1e-07,haber": [[108, 117], [45, 36]], "vSVM,1e-06,mf-mor": [[1800, 0], [55, 145]], "vSVM,2,mf-mor": [[1800, 0], [98, 102]], "vSVM,4,haber": [[206, 19], [72, 9]], "AdaBoostClassifier,-1,iono": [[216, 9], [18, 108]], "vSVM,0.001,haber": [[136, 89], [42, 39]], "MWMOTE,-1,mf-zer": [[1788, 12], [9, 191]], "SMOTE,-1,iono": [[209, 16], [18, 108]], "vSVM,1e-08,abalone": [[1252, 2664], [22, 239]], "vSVM,4,mf-mor": [[1800, 0], [99, 101]], "vSVM,0.001,abalone": [[2805, 1111], [130, 131]], "vSVM,0.1,mf-zer": [[1800, 0], [116, 84]], "AdaBoostClassifier,-1,isolet": [[1496, 3], [10, 50]], "vSVM,1,sat": [[1787, 2], [170, 41]], "vSVM,0.001,sat": [[1737, 52], [94, 117]], "vSVM,1,iono": [[225, 0], [122, 4]], "vSVM,0.1,pima": [[316, 184], [142, 126]], "vSVM,1e-07,iono": [[27, 198], [62, 64]], "vSVM,1e-07,uair": [[27153, 1764], [2202, 1785]], "vSVM,1e-08,pima": [[65, 435], [35, 233]], "vSVM,1e-08,letter": [[13784, 5427], [210, 579]], "vSVM,1e-06,pima": [[244, 256], [117, 151]], "AdaBoostClassifier,-1,mf-mor": [[1798, 2], [3, 197]], "vSVM,1e-08,haber": [[91, 134], [38, 43]], "vSVM,0.01,abalone": [[2811, 1105], [127, 134]], "vSVM,0.0001,isolet": [[1473, 26], [36, 24]], "vSVM,1,mf-zer": [[1800, 0], [200, 0]], "vSVM,8,haber": [[223, 2], [77, 4]], "vSVM,0.0001,pima": [[305, 195], [139, 129]], "vSVM,0.001,iono": [[35, 190], [62, 64]], "vSVM,4,sat": [[1789, 0], [211, 0]], "EasyEnsemble,-1,mf-mor": [[1794, 6], [1, 199]], "vSVM,2,haber": [[189, 36], [66, 15]], "vSVM,1e-07,abalone": [[1165, 2751], [18, 243]], "vSVM,1e-07,mf-mor": [[1513, 287], [166, 34]], "vSVM,0.0001,mf-zer": [[1800, 0], [102, 98]], "MWMOTE,-1,isolet": [[1493, 6], [6, 54]], "vSVM,0.0001,sat": [[1736, 53], [93, 118]], "vSVM,1e-05,sat": [[1733, 56], [93, 118]], "vSVM,1,pima": [[489, 11], [258, 10]], "vSVM,4,letter": [[19211, 0], [757, 32]], "vSVM,1e-06,haber": [[77, 148], [20, 61]], "EasyEnsemble,-1,mf-zer": [[1780, 20], [2, 198]], "vSVM,16,mf-zer": [[1800, 0], [200, 0]], "vSVM,0.01,haber": [[132, 93], [42, 39]], "vSVM,0.1,isolet": [[1499, 0], [60, 0]], "vSVM,0.1,haber": [[120, 105], [41, 40]], "SMOTE,-1,letter": [[19110, 101], [80, 709]], "vSVM,1e-05,uair": [[26888, 2029], [1860, 2127]], "vSVM,1e-08,iono": [[52, 173], [67, 59]], "EasyEnsemble,-1,sat": [[1583, 206], [20, 191]], "vSVM,1e-06,sat": [[1691, 98], [68, 143]], "vSVM,0.1,abalone": [[2958, 958], [132, 129]], "vSVM,32,abalone": [[3916, 0], [261, 0]], "vSVM,0.01,letter": [[19066, 145], [394, 395]], "SMOTE,-1,sat": [[1628, 161], [38, 173]], "vSVM,1e-05,iono": [[35, 190], [65, 61]], "vSVM,1e-08,sat": [[1439, 350], [22, 189]], "vSVM,0.1,sat": [[1732, 57], [97, 114]], "vSVM,1e-08,uair": [[24907, 4010], [1377, 2610]], "vSVM,8,isolet": [[1499, 0], [60, 0]], "vSVM,16,abalone": [[3916, 0], [261, 0]], "vSVM,0.1,iono": [[152, 73], [113, 13]], "vSVM,0.01,sat": [[1735, 54], [92, 119]], "vSVM,1e-07,pima": [[87, 413], [42, 226]], "vSVM,16,mf-mor": [[1800, 0], [104, 96]], "vSVM,1e-07,mf-zer": [[1569, 231], [63, 137]], "MWMOTE,-1,pima": [[324, 176], [59, 209]], "vSVM,32,sat": [[1789, 0], [211, 0]], "vSVM,32,isolet": [[1499, 0], [60, 0]], "vSVM,0.0001,abalone": [[2814, 1102], [131, 130]], "vSVM,0.01,isolet": [[1474, 25], [36, 24]], "vSVM,1e-08,mf-zer": [[1158, 642], [11, 189]], "vSVM,32,uair": [[28917, 0], [3987, 0]], "vSVM,0.01,pima": [[305, 195], [137, 131]], "vSVM,4,mf-zer": [[1800, 0], [200, 0]], "vSVM,1,haber": [[162, 63], [57, 24]], "vSVM,0.0001,mf-mor": [[1800, 0], [90, 110]], "vSVM,1e-05,haber": [[124, 101], [43, 38]], "SMOTE,-1,isolet": [[1491, 8], [5, 55]], "vSVM,0.1,letter": [[19193, 18], [397, 392]], "vSVM,0.01,mf-zer": [[1800, 0], [100, 100]], "MWMOTE,-1,letter": [[19100, 111], [72, 717]], "SMOTE,-1,abalone": [[3688, 228], [136, 125]], "vSVM,1e-05,letter": [[19019, 192], [401, 388]], "vSVM,16,iono": [[225, 0], [126, 0]], "vSVM,8,pima": [[500, 0], [268, 0]], "vSVM,1e-05,isolet": [[1473, 26], [36, 24]], "AdaBoostClassifier,-1,abalone": [[3867, 49], [213, 48]], "vSVM,1,mf-mor": [[1800, 0], [102, 98]], "vSVM,0.001,pima": [[303, 197], [137, 131]], "vSVM,1e-06,isolet": [[1467, 32], [36, 24]], "vSVM,1e-06,mf-zer": [[1798, 2], [129, 71]], "vSVM,8,abalone": [[3910, 6], [261, 0]], "vSVM,1e-07,letter": [[16569, 2642], [212, 577]], "vSVM,1e-07,sat": [[1428, 361], [22, 189]], "vSVM,16,isolet": [[1499, 0], [60, 0]], "vSVM,16,haber": [[222, 3], [79, 2]], "vSVM,1e-06,abalone": [[2742, 1174], [132, 129]], "vSVM,0.001,isolet": [[1473, 26], [36, 24]], "vSVM,16,sat": [[1789, 0], [211, 0]], "vSVM,0.0001,iono": [[36, 189], [61, 65]], "vSVM,0.0001,haber": [[132, 93], [38, 43]], "vSVM,0.001,mf-zer": [[1800, 0], [99, 101]], "vSVM,4,isolet": [[1499, 0], [60, 0]], "SMOTE,-1,mf-zer": [[1793, 7], [13, 187]], "vSVM,2,letter": [[19211, 0], [711, 78]], "SMOTE,-1,mf-mor": [[1799, 1], [3, 197]], "vSVM,2,mf-zer": [[1800, 0], [200, 0]], "vSVM,2,iono": [[225, 0], [126, 0]], "vSVM,0.1,mf-mor": [[1800, 0], [100, 100]], "vSVM,1e-07,isolet": [[1307, 192], [19, 41]], "EasyEnsemble,-1,abalone": [[3111, 805], [32, 229]], "vSVM,4,uair": [[28917, 0], [3987, 0]]}