{"vSVM,0.0001,uair": [[26892, 2025], [1860, 2127]], "vSVM,1,letter": [[19211, 0], [543, 246]], "vSVM,1,abalone": [[3298, 618], [160, 101]], "MWMOTE,-1,sat": [[1604, 185], [29, 182]], "AdaBoostClassifier,-1,uair": [[28103, 814], [683, 3304]], "MWMOTE,-1,uair": [[27505, 1412], [276, 3711]], "MWMOTE,-1,abalone": [[3675, 241], [134, 127]], "AdaBoostClassifier,-1,pima": [[426, 74], [111, 157]], "vSVM,4,abalone": [[3799, 117], [240, 21]], "vSVM,8,sat": [[1789, 0], [211, 0]], "vSVM,0.1,uair": [[27818, 1099], [2369, 1618]], "vSVM,0.01,mf-mor": [[1800, 0], [96, 104]], "vSVM,32,pima": [[500, 0], [268, 0]], "vSVM,4,pima": [[500, 0], [268, 0]], "MWMOTE,-1,mf-mor": [[1796, 4], [3, 197]], "vSVM,2,pima": [[500, 0], [268, 0]], "AdaBoostClassifier,-1,letter": [[19154, 57], [112, 677]], "vSVM,16,pima": [[500, 0], [268, 0]], "vSVM,16,uair": [[28917, 0], [3987, 0]], "EasyEnsemble,-1,uair": [[26571, 2346], [153, 3834]], "vSVM,1e-06,uair": [[26941, 1976], [1911, 2076]], "vSVM,0.001,letter": [[19030, 181], [402, 387]], "vSVM,1e-05,abalone": [[2801, 1115], [130, 131]], "vSVM,32,letter": [[19211, 0], [772, 17]], "vSVM,1e-06,letter": [[19123, 88], [473, 316]], "AdaBoostClassifier,-1,mf-zer": [[1794, 6], [14, 186]], "EasyEnsemble,-1,isolet": [[1425, 74], [1, 59]], "vSVM,2,abalone": [[3495, 421], [190, 71]], "vSVM,1,uair": [[28915, 2], [3982, 5]], "vSVM,8,uair": [[28917, 0], [3987, 0]], "EasyEnsemble,-1,letter": [[18726, 485], [11, 778]], "vSVM,2,uair": [[28917, 0], [3986, 1]], "vSVM,8,mf-zer": [[1800, 0], [200, 0]], "SMOTE,-1,pima": [[348, 152], [50, 218]], "AdaBoostClassifier,-1,sat": [[1744, 45], [98, 113]], "vSVM,0.0001,letter": [[19013, 198], [394, 395]], "vSVM,0.001,mf-mor": [[1800, 0], [99, 101]], "vSVM,1e-08,isolet": [[1213, 286], [17, 43]], "vSVM,8,letter": [[19211, 0], [762, 27]], "vSVM,16,letter": [[19211, 0], [765, 24]], "vSVM,2,isolet": [[1499, 0], [60, 0]], "vSVM,1,isolet": [[1499, 0], [60, 0]], "vSVM,32,mf-mor": [[1800, 0], [110, 90]], "vSVM,0.001,uair": [[26906, 2011], [1862, 2125]], "vSVM,8,mf-mor": [[1800, 0], [100, 100]], "vSVM,0.01,uair": [[26997, 1920], [1902, 2085]], "vSVM,32,mf-zer": [[1800, 0], [200, 0]], "vSVM,4,uair": [[28917, 0], [3987, 0]], "vSVM,1e-05,mf-zer": [[1800, 0], [102, 98]], "vSVM,2,sat": [[1789, 0], [208, 3]], "vSVM,1e-05,mf-mor": [[1800, 0], [49, 151]], "EasyEnsemble,-1,pima": [[379, 121], [44, 224]], "vSVM,1e-05,pima": [[308, 192], [138, 130]], "vSVM,1e-06,mf-mor": [[1800, 0], [47, 153]], "vSVM,2,mf-mor": [[1800, 0], [99, 101]], "vSVM,0.001,pima": [[303, 197], [132, 136]], "vSVM,0.1,mf-zer": [[1800, 0], [113, 87]], "MWMOTE,-1,mf-zer": [[1786, 14], [10, 190]], "vSVM,1e-08,abalone": [[1806, 2110], [89, 172]], "vSVM,4,mf-mor": [[1800, 0], [100, 100]], "vSVM,0.001,abalone": [[2825, 1091], [133, 128]], "AdaBoostClassifier,-1,isolet": [[1496, 3], [10, 50]], "vSVM,1,sat": [[1787, 2], [170, 41]], "vSVM,0.001,sat": [[1737, 52], [94, 117]], "vSVM,0.01,letter": [[19071, 140], [395, 394]], "vSVM,0.1,pima": [[320, 180], [138, 130]], "vSVM,16,sat": [[1789, 0], [211, 0]], "vSVM,1e-07,uair": [[27153, 1764], [2202, 1785]], "vSVM,1e-08,pima": [[153, 347], [77, 191]], "vSVM,1e-08,letter": [[11947, 7264], [74, 715]], "vSVM,1e-06,pima": [[417, 83], [218, 50]], "AdaBoostClassifier,-1,mf-mor": [[1800, 0], [3, 197]], "vSVM,0.01,abalone": [[2808, 1108], [130, 131]], "vSVM,0.0001,isolet": [[1473, 26], [36, 24]], "vSVM,1,mf-zer": [[1800, 0], [200, 0]], "vSVM,0.0001,pima": [[304, 196], [138, 130]], "vSVM,4,sat": [[1789, 0], [211, 0]], "EasyEnsemble,-1,mf-mor": [[1790, 10], [0, 200]], "vSVM,1e-07,abalone": [[969, 2947], [12, 249]], "vSVM,1e-07,mf-mor": [[1007, 793], [83, 117]], "vSVM,0.0001,mf-zer": [[1800, 0], [102, 98]], "MWMOTE,-1,isolet": [[1491, 8], [5, 55]], "vSVM,0.0001,sat": [[1736, 53], [93, 118]], "vSVM,1e-05,sat": [[1733, 56], [93, 118]], "vSVM,1,pima": [[489, 11], [258, 10]], "vSVM,4,letter": [[19211, 0], [763, 26]], "EasyEnsemble,-1,mf-zer": [[1778, 22], [2, 198]], "vSVM,16,mf-zer": [[1800, 0], [200, 0]], "vSVM,0.1,isolet": [[1499, 0], [60, 0]], "vSVM,0.001,mf-zer": [[1800, 0], [100, 100]], "SMOTE,-1,letter": [[19098, 113], [76, 713]], "vSVM,1e-05,uair": [[26888, 2029], [1860, 2127]], "EasyEnsemble,-1,sat": [[1572, 217], [22, 189]], "vSVM,1e-06,sat": [[1691, 98], [68, 143]], "vSVM,0.1,abalone": [[2975, 941], [135, 126]], "vSVM,32,abalone": [[3916, 0], [261, 0]], "SMOTE,-1,sat": [[1607, 182], [34, 177]], "vSVM,1e-08,mf-mor": [[445, 1355], [3, 197]], "vSVM,1e-08,sat": [[1439, 350], [22, 189]], "vSVM,0.1,sat": [[1732, 57], [97, 114]], "vSVM,1e-08,uair": [[24907, 4010], [1377, 2610]], "vSVM,8,isolet": [[1499, 0], [60, 0]], "vSVM,16,abalone": [[3916, 0], [261, 0]], "vSVM,0.01,sat": [[1735, 54], [92, 119]], "vSVM,1e-07,pima": [[185, 315], [95, 173]], "vSVM,16,mf-mor": [[1800, 0], [102, 98]], "vSVM,1e-07,mf-zer": [[1576, 224], [60, 140]], "MWMOTE,-1,pima": [[319, 181], [57, 211]], "vSVM,32,sat": [[1789, 0], [211, 0]], "vSVM,32,isolet": [[1499, 0], [60, 0]], "vSVM,0.0001,abalone": [[2814, 1102], [129, 132]], "vSVM,0.01,isolet": [[1474, 25], [36, 24]], "vSVM,32,uair": [[28917, 0], [3987, 0]], "vSVM,0.01,pima": [[310, 190], [144, 124]], "vSVM,4,mf-zer": [[1800, 0], [200, 0]], "vSVM,1e-08,mf-zer": [[1335, 465], [48, 152]], "vSVM,0.0001,mf-mor": [[1800, 0], [131, 69]], "SMOTE,-1,isolet": [[1491, 8], [7, 53]], "vSVM,0.1,letter": [[19194, 17], [397, 392]], "vSVM,0.01,mf-zer": [[1800, 0], [101, 99]], "MWMOTE,-1,letter": [[19076, 135], [70, 719]], "SMOTE,-1,abalone": [[3699, 217], [140, 121]], "vSVM,1e-05,letter": [[19028, 183], [402, 387]], "vSVM,8,pima": [[500, 0], [268, 0]], "vSVM,1e-05,isolet": [[1473, 26], [36, 24]], "AdaBoostClassifier,-1,abalone": [[3868, 48], [212, 49]], "vSVM,1,mf-mor": [[1800, 0], [101, 99]], "vSVM,1e-06,isolet": [[1467, 32], [36, 24]], "vSVM,1e-06,mf-zer": [[1798, 2], [130, 70]], "vSVM,8,abalone": [[3913, 3], [261, 0]], "vSVM,1e-07,letter": [[17148, 2063], [367, 422]], "vSVM,1e-07,sat": [[1428, 361], [22, 189]], "vSVM,16,isolet": [[1499, 0], [60, 0]], "SMOTE,-1,uair": [[27833, 1084], [355, 3632]], "vSVM,1e-06,abalone": [[2779, 1137], [129, 132]], "vSVM,0.001,isolet": [[1473, 26], [36, 24]], "vSVM,4,isolet": [[1499, 0], [60, 0]], "SMOTE,-1,mf-zer": [[1789, 11], [11, 189]], "vSVM,2,letter": [[19211, 0], [715, 74]], "SMOTE,-1,mf-mor": [[1798, 2], [3, 197]], "vSVM,2,mf-zer": [[1800, 0], [200, 0]], "vSVM,0.1,mf-mor": [[1800, 0], [100, 100]], "vSVM,1e-07,isolet": [[1307, 192], [19, 41]], "EasyEnsemble,-1,abalone": [[3141, 775], [32, 229]]}