{"vSVM,1,letter": [[19211, 0], [534, 255]], "vSVM,0.0001,uair": [[26892, 2025], [1860, 2127]], "EasyEnsemble,-1,iono": [[214, 11], [2, 124]], "vSVM,1,abalone": [[3303, 613], [153, 108]], "MWMOTE,-1,sat": [[1622, 167], [33, 178]], "AdaBoostClassifier,-1,uair": [[28103, 814], [683, 3304]], "MWMOTE,-1,uair": [[27554, 1363], [278, 3709]], "MWMOTE,-1,abalone": [[3708, 208], [141, 120]], "AdaBoostClassifier,-1,pima": [[427, 73], [110, 158]], "vSVM,4,abalone": [[3801, 115], [238, 23]], "vSVM,8,sat": [[1789, 0], [211, 0]], "vSVM,0.1,uair": [[27818, 1099], [2369, 1618]], "AdaBoostClassifier,-1,haber": [[191, 34], [60, 21]], "vSVM,32,pima": [[500, 0], [268, 0]], "vSVM,4,pima": [[500, 0], [268, 0]], "MWMOTE,-1,mf-mor": [[1799, 1], [3, 197]], "vSVM,2,pima": [[500, 0], [268, 0]], "AdaBoostClassifier,-1,letter": [[19143, 68], [101, 688]], "vSVM,16,pima": [[500, 0], [268, 0]], "vSVM,16,uair": [[28917, 0], [3987, 0]], "EasyEnsemble,-1,uair": [[26835, 2082], [174, 3813]], "SMOTE,-1,haber": [[151, 74], [31, 50]], "vSVM,1e-06,uair": [[26941, 1976], [1911, 2076]], "MWMOTE,-1,iono": [[199, 26], [19, 107]], "vSVM,0.001,letter": [[19019, 192], [393, 396]], "vSVM,1e-05,abalone": [[2920, 996], [146, 115]], "vSVM,32,letter": [[19211, 0], [760, 29]], "vSVM,1e-06,letter": [[19070, 141], [421, 368]], "vSVM,0.01,iono": [[42, 183], [65, 61]], "vSVM,1e-05,mf-mor": [[1800, 0], [96, 104]], "EasyEnsemble,-1,isolet": [[1441, 58], [1, 59]], "vSVM,2,abalone": [[3483, 433], [192, 69]], "vSVM,1,uair": [[28915, 2], [3982, 5]], "vSVM,8,uair": [[28917, 0], [3987, 0]], "vSVM,8,iono": [[225, 0], [126, 0]], "EasyEnsemble,-1,letter": [[18734, 477], [12, 777]], "AdaBoostClassifier,-1,mf-zer": [[1793, 7], [15, 185]], "vSVM,2,uair": [[28917, 0], [3986, 1]], "vSVM,8,mf-zer": [[1800, 0], [200, 0]], "vSVM,4,iono": [[225, 0], [126, 0]], "SMOTE,-1,pima": [[343, 157], [56, 212]], "AdaBoostClassifier,-1,sat": [[1744, 45], [98, 113]], "vSVM,0.0001,letter": [[19007, 204], [397, 392]], "vSVM,0.001,mf-mor": [[1800, 0], [96, 104]], "vSVM,1e-08,isolet": [[1213, 286], [17, 43]], "vSVM,32,iono": [[225, 0], [125, 1]], "vSVM,8,letter": [[19211, 0], [767, 22]], "vSVM,1e-08,mf-mor": [[1520, 280], [156, 44]], "vSVM,16,letter": [[19211, 0], [763, 26]], "vSVM,2,isolet": [[1499, 0], [60, 0]], "vSVM,1,isolet": [[1499, 0], [60, 0]], "vSVM,1e-06,iono": [[49, 176], [67, 59]], "vSVM,32,mf-mor": [[1800, 0], [106, 94]], "vSVM,0.001,uair": [[26906, 2011], [1862, 2125]], "vSVM,8,mf-mor": [[1800, 0], [103, 97]], "vSVM,0.01,uair": [[26997, 1920], [1902, 2085]], "vSVM,0.01,mf-mor": [[1800, 0], [109, 91]], "EasyEnsemble,-1,haber": [[158, 67], [28, 53]], "vSVM,32,mf-zer": [[1800, 0], [200, 0]], "MWMOTE,-1,haber": [[121, 104], [35, 46]], "vSVM,1e-05,mf-zer": [[1799, 1], [99, 101]], "vSVM,32,haber": [[221, 4], [81, 0]], "vSVM,2,sat": [[1789, 0], [208, 3]], "EasyEnsemble,-1,pima": [[380, 120], [52, 216]], "SMOTE,-1,uair": [[27780, 1137], [359, 3628]], "vSVM,1e-05,pima": [[313, 187], [141, 127]], "vSVM,1e-07,haber": [[81, 144], [34, 47]], "vSVM,1e-06,mf-mor": [[1800, 0], [50, 150]], "vSVM,2,mf-mor": [[1800, 0], [97, 103]], "vSVM,4,haber": [[205, 20], [76, 5]], "AdaBoostClassifier,-1,iono": [[215, 10], [19, 107]], "vSVM,0.001,haber": [[133, 92], [39, 42]], "MWMOTE,-1,mf-zer": [[1789, 11], [12, 188]], "SMOTE,-1,iono": [[204, 21], [15, 111]], "vSVM,1e-08,abalone": [[1039, 2877], [11, 250]], "vSVM,4,mf-mor": [[1800, 0], [105, 95]], "vSVM,0.001,abalone": [[2814, 1102], [134, 127]], "vSVM,0.1,mf-zer": [[1800, 0], [118, 82]], "AdaBoostClassifier,-1,isolet": [[1496, 3], [10, 50]], "vSVM,1,sat": [[1787, 2], [170, 41]], "vSVM,0.001,sat": [[1737, 52], [94, 117]], "vSVM,1,iono": [[225, 0], [122, 4]], "vSVM,0.1,pima": [[321, 179], [140, 128]], "vSVM,1e-07,iono": [[77, 148], [75, 51]], "vSVM,1e-07,uair": [[27153, 1764], [2202, 1785]], "vSVM,1e-08,pima": [[71, 429], [40, 228]], "vSVM,1e-08,letter": [[14382, 4829], [254, 535]], "vSVM,1e-06,pima": [[355, 145], [172, 96]], "AdaBoostClassifier,-1,mf-mor": [[1799, 1], [3, 197]], "vSVM,1e-08,haber": [[45, 180], [14, 67]], "vSVM,0.01,abalone": [[2829, 1087], [134, 127]], "vSVM,0.0001,isolet": [[1473, 26], [36, 24]], "vSVM,1,mf-zer": [[1800, 0], [200, 0]], "vSVM,8,haber": [[219, 6], [79, 2]], "vSVM,0.0001,pima": [[302, 198], [136, 132]], "vSVM,0.001,iono": [[40, 185], [67, 59]], "vSVM,4,sat": [[1789, 0], [211, 0]], "EasyEnsemble,-1,mf-mor": [[1785, 15], [0, 200]], "vSVM,2,haber": [[190, 35], [70, 11]], "vSVM,1e-07,abalone": [[2079, 1837], [103, 158]], "vSVM,1e-07,mf-mor": [[998, 802], [78, 122]], "vSVM,0.0001,mf-zer": [[1799, 1], [100, 100]], "MWMOTE,-1,isolet": [[1491, 8], [6, 54]], "vSVM,0.0001,sat": [[1736, 53], [93, 118]], "vSVM,1e-05,sat": [[1733, 56], [93, 118]], "vSVM,1,pima": [[492, 8], [259, 9]], "vSVM,4,letter": [[19211, 0], [765, 24]], "vSVM,1e-06,haber": [[79, 146], [32, 49]], "EasyEnsemble,-1,mf-zer": [[1780, 20], [1, 199]], "vSVM,16,mf-zer": [[1800, 0], [200, 0]], "vSVM,0.01,haber": [[132, 93], [42, 39]], "vSVM,0.1,isolet": [[1499, 0], [60, 0]], "vSVM,0.1,haber": [[126, 99], [43, 38]], "SMOTE,-1,letter": [[19120, 91], [92, 697]], "vSVM,1e-05,uair": [[26888, 2029], [1860, 2127]], "vSVM,1e-08,iono": [[59, 166], [70, 56]], "EasyEnsemble,-1,sat": [[1567, 222], [20, 191]], "vSVM,1e-06,sat": [[1691, 98], [68, 143]], "vSVM,0.1,abalone": [[2973, 943], [130, 131]], "vSVM,32,abalone": [[3916, 0], [261, 0]], "vSVM,0.01,letter": [[19066, 145], [398, 391]], "SMOTE,-1,sat": [[1611, 178], [35, 176]], "vSVM,1e-05,iono": [[34, 191], [66, 60]], "vSVM,1e-08,sat": [[1439, 350], [22, 189]], "vSVM,0.1,sat": [[1732, 57], [97, 114]], "vSVM,1e-08,uair": [[24907, 4010], [1377, 2610]], "vSVM,8,isolet": [[1499, 0], [60, 0]], "vSVM,16,abalone": [[3916, 0], [261, 0]], "vSVM,0.1,iono": [[151, 74], [112, 14]], "vSVM,0.01,sat": [[1735, 54], [92, 119]], "vSVM,1e-07,pima": [[63, 437], [25, 243]], "vSVM,16,mf-mor": [[1800, 0], [100, 100]], "vSVM,1e-07,mf-zer": [[1575, 225], [25, 175]], "MWMOTE,-1,pima": [[326, 174], [52, 216]], "vSVM,32,sat": [[1789, 0], [211, 0]], "vSVM,32,isolet": [[1499, 0], [60, 0]], "vSVM,0.0001,abalone": [[2821, 1095], [137, 124]], "vSVM,0.01,isolet": [[1474, 25], [36, 24]], "vSVM,1e-08,mf-zer": [[1583, 217], [119, 81]], "vSVM,32,uair": [[28917, 0], [3987, 0]], "vSVM,0.01,pima": [[306, 194], [137, 131]], "vSVM,4,mf-zer": [[1800, 0], [200, 0]], "vSVM,1,haber": [[156, 69], [53, 28]], "vSVM,0.0001,mf-mor": [[1800, 0], [118, 82]], "vSVM,1e-05,haber": [[157, 68], [54, 27]], "SMOTE,-1,isolet": [[1493, 6], [10, 50]], "vSVM,0.1,letter": [[19195, 16], [395, 394]], "vSVM,0.01,mf-zer": [[1800, 0], [100, 100]], "MWMOTE,-1,letter": [[19082, 129], [82, 707]], "SMOTE,-1,abalone": [[3714, 202], [148, 113]], "vSVM,1e-05,letter": [[19022, 189], [400, 389]], "vSVM,16,iono": [[225, 0], [124, 2]], "vSVM,8,pima": [[500, 0], [268, 0]], "vSVM,1e-05,isolet": [[1473, 26], [36, 24]], "AdaBoostClassifier,-1,abalone": [[3861, 55], [215, 46]], "vSVM,1,mf-mor": [[1800, 0], [97, 103]], "vSVM,0.001,pima": [[309, 191], [133, 135]], "vSVM,1e-06,isolet": [[1467, 32], [36, 24]], "vSVM,1e-06,mf-zer": [[1793, 7], [112, 88]], "vSVM,8,abalone": [[3912, 4], [261, 0]], "vSVM,1e-07,letter": [[15914, 3297], [140, 649]], "vSVM,1e-07,sat": [[1428, 361], [22, 189]], "vSVM,16,isolet": [[1499, 0], [60, 0]], "vSVM,16,haber": [[222, 3], [79, 2]], "vSVM,1e-06,abalone": [[2677, 1239], [124, 137]], "vSVM,0.001,isolet": [[1473, 26], [36, 24]], "vSVM,16,sat": [[1789, 0], [211, 0]], "vSVM,0.0001,iono": [[37, 188], [62, 64]], "vSVM,0.0001,haber": [[134, 91], [43, 38]], "vSVM,0.001,mf-zer": [[1800, 0], [105, 95]], "vSVM,4,isolet": [[1499, 0], [60, 0]], "SMOTE,-1,mf-zer": [[1790, 10], [12, 188]], "vSVM,2,letter": [[19211, 0], [709, 80]], "SMOTE,-1,mf-mor": [[1798, 2], [3, 197]], "vSVM,2,mf-zer": [[1800, 0], [200, 0]], "vSVM,2,iono": [[225, 0], [125, 1]], "vSVM,0.1,mf-mor": [[1800, 0], [99, 101]], "vSVM,1e-07,isolet": [[1307, 192], [19, 41]], "EasyEnsemble,-1,abalone": [[3167, 749], [31, 230]], "vSVM,4,uair": [[28917, 0], [3987, 0]]}