{"vSVM,1,letter": [[19211, 0], [548, 241]], "vSVM,0.0001,uair": [[26892, 2025], [1860, 2127]], "EasyEnsemble,-1,iono": [[219, 6], [4, 122]], "vSVM,1,abalone": [[3318, 598], [155, 106]], "MWMOTE,-1,sat": [[1614, 175], [36, 175]], "AdaBoostClassifier,-1,uair": [[28103, 814], [683, 3304]], "MWMOTE,-1,uair": [[27545, 1372], [282, 3705]], "MWMOTE,-1,abalone": [[3697, 219], [144, 117]], "AdaBoostClassifier,-1,pima": [[421, 79], [111, 157]], "vSVM,4,abalone": [[3791, 125], [239, 22]], "vSVM,8,sat": [[1789, 0], [211, 0]], "vSVM,0.1,uair": [[27818, 1099], [2369, 1618]], "AdaBoostClassifier,-1,haber": [[197, 28], [59, 22]], "vSVM,32,pima": [[500, 0], [268, 0]], "vSVM,4,pima": [[500, 0], [268, 0]], "MWMOTE,-1,mf-mor": [[1798, 2], [3, 197]], "vSVM,2,pima": [[500, 0], [268, 0]], "AdaBoostClassifier,-1,letter": [[19150, 61], [110, 679]], "vSVM,16,pima": [[500, 0], [268, 0]], "vSVM,16,uair": [[28917, 0], [3987, 0]], "EasyEnsemble,-1,uair": [[26699, 2218], [160, 3827]], "SMOTE,-1,haber": [[158, 67], [36, 45]], "vSVM,1e-06,uair": [[26941, 1976], [1911, 2076]], "MWMOTE,-1,iono": [[206, 19], [15, 111]], "vSVM,0.001,letter": [[19015, 196], [391, 398]], "vSVM,1e-05,abalone": [[2880, 1036], [138, 123]], "vSVM,32,letter": [[19211, 0], [765, 24]], "vSVM,1e-06,letter": [[19039, 172], [420, 369]], "vSVM,0.01,iono": [[36, 189], [61, 65]], "vSVM,1e-05,mf-mor": [[1800, 0], [129, 71]], "EasyEnsemble,-1,isolet": [[1448, 51], [0, 60]], "vSVM,2,abalone": [[3506, 410], [188, 73]], "vSVM,1,uair": [[28915, 2], [3982, 5]], "vSVM,8,uair": [[28917, 0], [3987, 0]], "vSVM,8,iono": [[225, 0], [126, 0]], "EasyEnsemble,-1,letter": [[18745, 466], [18, 771]], "AdaBoostClassifier,-1,mf-zer": [[1796, 4], [11, 189]], "vSVM,2,uair": [[28917, 0], [3986, 1]], "vSVM,8,mf-zer": [[1800, 0], [200, 0]], "vSVM,4,iono": [[225, 0], [125, 1]], "SMOTE,-1,pima": [[348, 152], [57, 211]], "AdaBoostClassifier,-1,sat": [[1744, 45], [98, 113]], "vSVM,0.0001,letter": [[19010, 201], [403, 386]], "vSVM,0.001,mf-mor": [[1800, 0], [97, 103]], "vSVM,1e-08,isolet": [[1213, 286], [17, 43]], "vSVM,32,iono": [[225, 0], [125, 1]], "vSVM,8,letter": [[19211, 0], [766, 23]], "vSVM,1e-08,mf-mor": [[1011, 789], [87, 113]], "vSVM,16,letter": [[19211, 0], [764, 25]], "vSVM,2,isolet": [[1499, 0], [60, 0]], "vSVM,1,isolet": [[1499, 0], [60, 0]], "vSVM,1e-06,iono": [[54, 171], [70, 56]], "vSVM,32,mf-mor": [[1800, 0], [99, 101]], "vSVM,0.001,uair": [[26906, 2011], [1862, 2125]], "vSVM,8,mf-mor": [[1800, 0], [103, 97]], "vSVM,0.01,uair": [[26997, 1920], [1902, 2085]], "vSVM,0.01,mf-mor": [[1800, 0], [103, 97]], "EasyEnsemble,-1,haber": [[157, 68], [26, 55]], "vSVM,32,mf-zer": [[1800, 0], [200, 0]], "MWMOTE,-1,haber": [[135, 90], [32, 49]], "vSVM,1e-05,mf-zer": [[1799, 1], [101, 99]], "vSVM,32,haber": [[224, 1], [80, 1]], "vSVM,2,sat": [[1789, 0], [208, 3]], "EasyEnsemble,-1,pima": [[389, 111], [45, 223]], "SMOTE,-1,uair": [[27755, 1162], [356, 3631]], "vSVM,1e-05,pima": [[311, 189], [140, 128]], "vSVM,1e-07,haber": [[83, 142], [33, 48]], "vSVM,1e-06,mf-mor": [[1800, 0], [120, 80]], "vSVM,2,mf-mor": [[1800, 0], [99, 101]], "vSVM,4,haber": [[210, 15], [75, 6]], "AdaBoostClassifier,-1,iono": [[220, 5], [19, 107]], "vSVM,0.001,haber": [[132, 93], [43, 38]], "MWMOTE,-1,mf-zer": [[1788, 12], [9, 191]], "SMOTE,-1,iono": [[205, 20], [16, 110]], "vSVM,1e-08,abalone": [[1293, 2623], [30, 231]], "vSVM,4,mf-mor": [[1800, 0], [99, 101]], "vSVM,0.001,abalone": [[2822, 1094], [130, 131]], "vSVM,0.1,mf-zer": [[1800, 0], [119, 81]], "AdaBoostClassifier,-1,isolet": [[1496, 3], [10, 50]], "vSVM,1,sat": [[1787, 2], [170, 41]], "vSVM,0.001,sat": [[1737, 52], [94, 117]], "vSVM,1,iono": [[225, 0], [123, 3]], "vSVM,0.1,pima": [[316, 184], [141, 127]], "vSVM,1e-07,iono": [[92, 133], [78, 48]], "vSVM,1e-07,uair": [[27153, 1764], [2202, 1785]], "vSVM,1e-08,pima": [[153, 347], [89, 179]], "vSVM,1e-08,letter": [[11163, 8048], [104, 685]], "vSVM,1e-06,pima": [[283, 217], [132, 136]], "AdaBoostClassifier,-1,mf-mor": [[1799, 1], [3, 197]], "vSVM,1e-08,haber": [[76, 149], [26, 55]], "vSVM,0.01,abalone": [[2801, 1115], [132, 129]], "vSVM,0.0001,isolet": [[1473, 26], [36, 24]], "vSVM,1,mf-zer": [[1800, 0], [200, 0]], "vSVM,8,haber": [[223, 2], [79, 2]], "vSVM,0.0001,pima": [[306, 194], [137, 131]], "vSVM,0.001,iono": [[37, 188], [65, 61]], "vSVM,4,sat": [[1789, 0], [211, 0]], "EasyEnsemble,-1,mf-mor": [[1792, 8], [0, 200]], "vSVM,2,haber": [[190, 35], [68, 13]], "vSVM,1e-07,abalone": [[1884, 2032], [75, 186]], "vSVM,1e-07,mf-mor": [[1513, 287], [106, 94]], "vSVM,0.0001,mf-zer": [[1799, 1], [104, 96]], "MWMOTE,-1,isolet": [[1493, 6], [7, 53]], "vSVM,0.0001,sat": [[1736, 53], [93, 118]], "vSVM,1e-05,sat": [[1733, 56], [93, 118]], "vSVM,1,pima": [[488, 12], [261, 7]], "vSVM,4,letter": [[19211, 0], [761, 28]], "vSVM,1e-06,haber": [[138, 87], [54, 27]], "EasyEnsemble,-1,mf-zer": [[1765, 35], [4, 196]], "vSVM,16,mf-zer": [[1800, 0], [200, 0]], "vSVM,0.01,haber": [[131, 94], [38, 43]], "vSVM,0.1,isolet": [[1499, 0], [60, 0]], "vSVM,0.1,haber": [[126, 99], [41, 40]], "SMOTE,-1,letter": [[19100, 111], [86, 703]], "vSVM,1e-05,uair": [[26888, 2029], [1860, 2127]], "vSVM,1e-08,iono": [[83, 142], [80, 46]], "EasyEnsemble,-1,sat": [[1569, 220], [17, 194]], "vSVM,1e-06,sat": [[1691, 98], [68, 143]], "vSVM,0.1,abalone": [[2991, 925], [136, 125]], "vSVM,32,abalone": [[3916, 0], [261, 0]], "vSVM,0.01,letter": [[19064, 147], [393, 396]], "SMOTE,-1,sat": [[1632, 157], [33, 178]], "vSVM,1e-05,iono": [[35, 190], [65, 61]], "vSVM,1e-08,sat": [[1439, 350], [22, 189]], "vSVM,0.1,sat": [[1732, 57], [97, 114]], "vSVM,1e-08,uair": [[24907, 4010], [1377, 2610]], "vSVM,8,isolet": [[1499, 0], [60, 0]], "vSVM,16,abalone": [[3916, 0], [261, 0]], "vSVM,0.1,iono": [[157, 68], [113, 13]], "vSVM,0.01,sat": [[1735, 54], [92, 119]], "vSVM,1e-07,pima": [[17, 483], [13, 255]], "vSVM,16,mf-mor": [[1800, 0], [105, 95]], "vSVM,1e-07,mf-zer": [[1722, 78], [115, 85]], "MWMOTE,-1,pima": [[326, 174], [56, 212]], "vSVM,32,sat": [[1789, 0], [211, 0]], "vSVM,32,isolet": [[1499, 0], [60, 0]], "vSVM,0.0001,abalone": [[2799, 1117], [132, 129]], "vSVM,0.01,isolet": [[1474, 25], [36, 24]], "vSVM,1e-08,mf-zer": [[1308, 492], [51, 149]], "vSVM,32,uair": [[28917, 0], [3987, 0]], "vSVM,0.01,pima": [[306, 194], [136, 132]], "vSVM,4,mf-zer": [[1800, 0], [200, 0]], "vSVM,1,haber": [[155, 70], [60, 21]], "vSVM,0.0001,mf-mor": [[1800, 0], [130, 70]], "vSVM,1e-05,haber": [[116, 109], [46, 35]], "SMOTE,-1,isolet": [[1490, 9], [10, 50]], "vSVM,0.1,letter": [[19196, 15], [398, 391]], "vSVM,0.01,mf-zer": [[1800, 0], [101, 99]], "MWMOTE,-1,letter": [[19081, 130], [70, 719]], "SMOTE,-1,abalone": [[3710, 206], [143, 118]], "vSVM,1e-05,letter": [[19018, 193], [393, 396]], "vSVM,16,iono": [[225, 0], [124, 2]], "vSVM,8,pima": [[500, 0], [268, 0]], "vSVM,1e-05,isolet": [[1473, 26], [36, 24]], "AdaBoostClassifier,-1,abalone": [[3871, 45], [208, 53]], "vSVM,1,mf-mor": [[1800, 0], [96, 104]], "vSVM,0.001,pima": [[308, 192], [133, 135]], "vSVM,1e-06,isolet": [[1467, 32], [36, 24]], "vSVM,1e-06,mf-zer": [[1798, 2], [114, 86]], "vSVM,8,abalone": [[3911, 5], [259, 2]], "vSVM,1e-07,letter": [[14809, 4402], [169, 620]], "vSVM,1e-07,sat": [[1428, 361], [22, 189]], "vSVM,16,isolet": [[1499, 0], [60, 0]], "vSVM,16,haber": [[224, 1], [77, 4]], "vSVM,1e-06,abalone": [[2636, 1280], [118, 143]], "vSVM,0.001,isolet": [[1473, 26], [36, 24]], "vSVM,16,sat": [[1789, 0], [211, 0]], "vSVM,0.0001,iono": [[34, 191], [67, 59]], "vSVM,0.0001,haber": [[132, 93], [38, 43]], "vSVM,0.001,mf-zer": [[1800, 0], [102, 98]], "vSVM,4,isolet": [[1499, 0], [60, 0]], "SMOTE,-1,mf-zer": [[1789, 11], [8, 192]], "vSVM,2,letter": [[19211, 0], [708, 81]], "SMOTE,-1,mf-mor": [[1798, 2], [3, 197]], "vSVM,2,mf-zer": [[1800, 0], [200, 0]], "vSVM,2,iono": [[225, 0], [124, 2]], "vSVM,0.1,mf-mor": [[1800, 0], [101, 99]], "vSVM,1e-07,isolet": [[1307, 192], [19, 41]], "EasyEnsemble,-1,abalone": [[3123, 793], [29, 232]], "vSVM,4,uair": [[28917, 0], [3987, 0]]}