{"vSVM,1,letter": [[3834, 0], [116, 50]], "EasyEnsemble,1,mf-mor": [[345, 14], [0, 41]], "SVC,1e-05,pima": [[102, 0], [52, 0]], "vSVM,4,abalone": [[764, 24], [45, 3]], "SMOTE,0.01,mf-mor": [[354, 0], [0, 46]], "EasyEnsemble,0.001,letter": [[3692, 159], [13, 136]], "EasyEnsemble,1e-06,mf-zer": [[231, 130], [1, 38]], "SVC,2,mf-mor": [[362, 0], [0, 38]], "EasyEnsemble,8,sat": [[193, 607], [0, 87]], "EasyEnsemble,32,mf-mor": [[349, 0], [2, 49]], "EasyEnsemble,0.0001,isolet": [[978, 229], [0, 41]], "SMOTE,4,sat": [[806, 0], [81, 0]], "SVC,0.01,abalone": [[796, 0], [40, 0]], "EasyEnsemble,32,sat": [[0, 786], [0, 101]], "SMOTE,1e-05,abalone": [[787, 0], [49, 0]], "EasyEnsemble,16,mf-mor": [[361, 0], [0, 39]], "SMOTE,1e-06,letter": [[3826, 0], [174, 0]], "EasyEnsemble,1e-06,pima": [[68, 37], [14, 35]], "SVC,1e-08,pima": [[103, 0], [51, 0]], "SMOTE,2,abalone": [[749, 40], [25, 22]], "MWMOTE,1e-07,letter": [[3853, 0], [147, 0]], "SMOTE,0.0001,letter": [[3812, 38], [20, 130]], "SMOTE,0.001,mf-mor": [[364, 0], [0, 36]], "MWMOTE,1e-05,isolet": [[1196, 0], [52, 0]], "MWMOTE,0.0001,abalone": [[774, 0], [62, 0]], "EasyEnsemble,0.001,pima": [[78, 21], [11, 44]], "SVC,2,sat": [[810, 0], [67, 10]], "EasyEnsemble,32,letter": [[3833, 0], [152, 15]], "SMOTE,8,mf-mor": [[358, 0], [0, 42]], "EasyEnsemble,1e-07,abalone": [[441, 337], [17, 41]], "EasyEnsemble,1e-05,abalone": [[534, 250], [25, 27]], "SMOTE,32,mf-zer": [[357, 0], [43, 0]], "MWMOTE,0.1,letter": [[3829, 2], [3, 166]], "MWMOTE,4,sat": [[802, 0], [85, 0]], "SMOTE,1e-05,mf-zer": [[359, 0], [41, 0]], "vSVM,2,sat": [[785, 0], [102, 0]], "EasyEnsemble,8,pima": [[17, 90], [2, 45]], "SVC,0.001,letter": [[3825, 11], [18, 146]], "vSVM,1e-05,pima": [[61, 41], [26, 26]], "SVC,2,letter": [[3843, 0], [93, 64]], "vSVM,2,mf-mor": [[356, 0], [21, 23]], "vSVM,0.001,pima": [[63, 35], [29, 27]], "MWMOTE,16,sat": [[809, 0], [78, 0]], "SVC,4,letter": [[3832, 0], [153, 15]], "SMOTE,0.001,abalone": [[777, 1], [56, 2]], "EasyEnsemble,1e-08,pima": [[61, 35], [13, 45]], "EasyEnsemble,1e-06,sat": [[132, 670], [0, 85]], "MWMOTE,1e-06,mf-zer": [[356, 0], [44, 0]], "vSVM,1e-08,letter": [[2035, 1811], [7, 147]], "SVC,1e-08,abalone": [[774, 0], [62, 0]], "SMOTE,0.01,abalone": [[765, 17], [33, 21]], "MWMOTE,1e-05,mf-mor": [[359, 0], [41, 0]], "vSVM,0.0001,isolet": [[1161, 27], [29, 31]], "vSVM,32,sat": [[808, 0], [79, 0]], "SMOTE,0.0001,pima": [[0, 95], [0, 59]], "vSVM,4,sat": [[805, 0], [82, 0]], "MWMOTE,1e-07,mf-zer": [[371, 0], [29, 0]], "EasyEnsemble,1e-05,letter": [[3171, 673], [16, 140]], "MWMOTE,0.0001,pima": [[0, 100], [0, 54]], "vSVM,1e-07,mf-mor": [[124, 232], [1, 43]], "SVC,1e-07,mf-zer": [[353, 0], [47, 0]], "MWMOTE,0.001,mf-mor": [[358, 0], [0, 42]], "EasyEnsemble,1e-05,mf-mor": [[160, 203], [0, 37]], "EasyEnsemble,2,letter": [[3850, 0], [43, 107]], "SVC,1,mf-zer": [[353, 0], [47, 0]], "vSVM,4,letter": [[3828, 0], [164, 8]], "MWMOTE,2,sat": [[811, 0], [56, 20]], "vSVM,0.001,mf-zer": [[357, 0], [23, 20]], "MWMOTE,32,letter": [[3847, 0], [143, 10]], "SMOTE,16,abalone": [[781, 11], [43, 1]], "vSVM,8,isolet": [[1199, 0], [49, 0]], "vSVM,0.01,sat": [[769, 26], [51, 41]], "vSVM,1e-07,pima": [[4, 98], [7, 45]], "SMOTE,32,abalone": [[780, 5], [51, 0]], "SVC,0.1,pima": [[92, 13], [16, 33]], "SVC,1,sat": [[806, 4], [31, 46]], "EasyEnsemble,1e-08,sat": [[122, 683], [0, 82]], "MWMOTE,0.01,sat": [[720, 84], [16, 67]], "SMOTE,0.01,isolet": [[1205, 0], [7, 36]], "EasyEnsemble,1e-07,letter": [[3185, 673], [10, 132]], "vSVM,0.01,pima": [[62, 37], [33, 22]], "SMOTE,0.0001,abalone": [[787, 0], [49, 0]], "SMOTE,4,mf-zer": [[364, 0], [36, 0]], "vSVM,1e-08,mf-zer": [[368, 3], [7, 22]], "MWMOTE,2,mf-mor": [[363, 0], [0, 37]], "vSVM,1e-05,letter": [[3804, 30], [91, 75]], "EasyEnsemble,1e-05,isolet": [[997, 200], [0, 51]], "vSVM,0.01,mf-zer": [[369, 0], [16, 15]], "EasyEnsemble,1e-07,mf-mor": [[146, 202], [1, 51]], "SVC,0.01,mf-zer": [[361, 1], [1, 37]], "MWMOTE,1e-08,pima": [[0, 104], [0, 50]], "MWMOTE,0.01,mf-zer": [[364, 0], [1, 35]], "vSVM,1e-06,mf-zer": [[361, 0], [19, 20]], "EasyEnsemble,1,letter": [[3853, 0], [19, 128]], "SVC,0.01,isolet": [[1185, 0], [7, 56]], "SMOTE,16,isolet": [[1196, 0], [52, 0]], "EasyEnsemble,0.001,sat": [[375, 423], [2, 87]], "vSVM,0.001,isolet": [[1186, 24], [21, 17]], "MWMOTE,8,sat": [[806, 0], [81, 0]], "SMOTE,1,pima": [[71, 36], [8, 39]], "SVC,0.0001,pima": [[95, 0], [59, 0]], "SMOTE,1e-08,sat": [[800, 0], [87, 0]], "vSVM,0.1,mf-mor": [[366, 0], [17, 17]], "MWMOTE,1e-08,letter": [[3856, 0], [144, 0]], "SVC,32,mf-mor": [[353, 0], [2, 45]], "vSVM,0.0001,sat": [[782, 18], [45, 42]], "SVC,1e-08,mf-mor": [[350, 0], [50, 0]], "vSVM,1e-08,pima": [[1, 99], [1, 53]], "MWMOTE,1e-07,abalone": [[774, 0], [62, 0]], "SMOTE,1,letter": [[3832, 0], [32, 136]], "SMOTE,1,abalone": [[743, 40], [24, 29]], "SVC,16,mf-mor": [[371, 0], [0, 29]], "vSVM,0.01,mf-mor": [[361, 0], [25, 14]], "vSVM,32,pima": [[100, 0], [54, 0]], "SMOTE,2,sat": [[804, 0], [62, 21]], "EasyEnsemble,2,mf-mor": [[349, 3], [1, 47]], "SVC,1e-07,pima": [[92, 0], [62, 0]], "EasyEnsemble,0.1,sat": [[433, 359], [0, 95]], "SVC,0.1,sat": [[776, 13], [33, 65]], "vSVM,1e-05,abalone": [[649, 131], [41, 15]], "vSVM,0.01,abalone": [[562, 221], [28, 25]], "SMOTE,8,pima": [[5, 100], [0, 49]], "EasyEnsemble,1e-06,letter": [[3168, 665], [19, 148]], "vSVM,2,abalone": [[704, 84], [34, 14]], "EasyEnsemble,32,pima": [[7, 94], [1, 52]], "MWMOTE,1e-06,letter": [[3840, 0], [160, 0]], "SMOTE,0.1,letter": [[3842, 2], [2, 154]], "EasyEnsemble,2,isolet": [[1205, 0], [43, 0]], "vSVM,8,mf-zer": [[356, 0], [44, 0]], "vSVM,0.0001,letter": [[3819, 23], [88, 70]], "SMOTE,8,mf-zer": [[353, 0], [47, 0]], "vSVM,1e-08,isolet": [[1181, 18], [28, 21]], "EasyEnsemble,1e-07,isolet": [[1012, 195], [0, 41]], "SMOTE,1e-07,pima": [[0, 103], [0, 51]], "SVC,16,isolet": [[1199, 0], [49, 0]], "SVC,1e-07,sat": [[799, 0], [88, 0]], "EasyEnsemble,4,mf-zer": [[0, 367], [0, 33]], "vSVM,2,isolet": [[1200, 0], [48, 0]], "SVC,4,isolet": [[1211, 0], [37, 0]], "vSVM,1,isolet": [[1208, 0], [40, 0]], "MWMOTE,0.01,pima": [[35, 63], [0, 56]], "EasyEnsemble,0.01,isolet": [[1151, 58], [0, 39]], "SMOTE,16,sat": [[809, 0], [78, 0]], "SVC,0.001,sat": [[797, 0], [90, 0]], "MWMOTE,0.0001,sat": [[802, 0], [85, 0]], "vSVM,32,mf-zer": [[358, 0], [42, 0]], "vSVM,2,pima": [[101, 0], [53, 0]], "SVC,1e-06,sat": [[813, 0], [74, 0]], "MWMOTE,0.01,abalone": [[757, 25], [33, 21]], "EasyEnsemble,0.0001,abalone": [[473, 320], [7, 36]], "MWMOTE,1,letter": [[3817, 0], [39, 144]], "EasyEnsemble,4,pima": [[34, 60], [6, 54]], "SMOTE,2,mf-mor": [[361, 0], [0, 39]], "SVC,4,pima": [[91, 1], [62, 0]], "SMOTE,1e-08,abalone": [[789, 0], [47, 0]], "MWMOTE,1e-05,pima": [[0, 101], [0, 53]], "SMOTE,1e-05,pima": [[0, 97], [0, 57]], "MWMOTE,4,letter": [[3860, 0], [120, 20]], "vSVM,0.001,abalone": [[586, 197], [31, 22]], "SMOTE,0.001,sat": [[770, 40], [37, 40]], "SMOTE,0.01,letter": [[3813, 11], [27, 149]], "SVC,8,isolet": [[1191, 0], [57, 0]], "SMOTE,1e-08,letter": [[3846, 0], [154, 0]], "MWMOTE,1e-05,sat": [[798, 0], [89, 0]], "MWMOTE,0.0001,mf-mor": [[357, 0], [43, 0]], "vSVM,0.0001,pima": [[57, 34], [34, 29]], "MWMOTE,1e-08,mf-mor": [[367, 0], [33, 0]], "EasyEnsemble,32,abalone": [[172, 609], [0, 55]], "SVC,1e-07,isolet": [[1195, 0], [53, 0]], "SMOTE,1e-07,abalone": [[779, 0], [57, 0]], "SMOTE,1e-07,mf-mor": [[365, 0], [35, 0]], "EasyEnsemble,16,sat": [[5, 805], [0, 77]], "MWMOTE,0.01,letter": [[3815, 20], [18, 147]], "EasyEnsemble,4,sat": [[793, 23], [21, 50]], "EasyEnsemble,0.001,abalone": [[478, 303], [17, 38]], "SMOTE,1e-05,sat": [[812, 0], [75, 0]], "SMOTE,4,letter": [[3839, 0], [135, 26]], "MWMOTE,32,mf-mor": [[351, 0], [1, 48]], "SMOTE,16,mf-zer": [[356, 0], [44, 0]], "MWMOTE,1,mf-zer": [[357, 0], [43, 0]], "SMOTE,0.001,mf-zer": [[361, 1], [3, 35]], "EasyEnsemble,0.1,mf-mor": [[363, 0], [0, 37]], "MWMOTE,0.1,mf-mor": [[364, 0], [0, 36]], "EasyEnsemble,0.01,letter": [[3741, 106], [9, 144]], "SMOTE,1e-06,sat": [[804, 0], [83, 0]], "SVC,4,abalone": [[778, 1], [56, 1]], "SVC,0.1,letter": [[3840, 0], [12, 148]], "SMOTE,0.1,abalone": [[740, 35], [26, 35]], "vSVM,1e-08,mf-mor": [[67, 289], [1, 43]], "SVC,1e-07,abalone": [[784, 0], [52, 0]], "SMOTE,8,isolet": [[1205, 0], [43, 0]], "SMOTE,16,mf-mor": [[361, 0], [1, 38]], "SMOTE,0.01,sat": [[727, 81], [13, 66]], "SVC,1e-05,mf-mor": [[350, 0], [50, 0]], "EasyEnsemble,16,mf-zer": [[28, 322], [0, 50]], "EasyEnsemble,0.0001,pima": [[53, 40], [13, 48]], "SMOTE,32,isolet": [[1199, 0], [49, 0]], "vSVM,0.01,isolet": [[1176, 25], [27, 20]], "SMOTE,1e-08,mf-zer": [[370, 0], [30, 0]], "MWMOTE,4,abalone": [[744, 36], [42, 14]], "MWMOTE,0.01,isolet": [[1191, 2], [5, 50]], "SMOTE,1e-05,letter": [[3842, 0], [158, 0]], "EasyEnsemble,16,isolet": [[0, 1218], [0, 30]], "EasyEnsemble,0.1,letter": [[3793, 58], [0, 149]], "MWMOTE,1,abalone": [[760, 32], [28, 16]], "SVC,1e-05,mf-zer": [[360, 0], [40, 0]], "MWMOTE,0.001,sat": [[795, 12], [67, 13]], "vSVM,1,mf-mor": [[363, 0], [17, 20]], "SVC,4,mf-mor": [[367, 0], [0, 33]], "SVC,0.001,mf-zer": [[363, 1], [3, 33]], "SMOTE,1e-06,mf-zer": [[363, 0], [37, 0]], "vSVM,8,letter": [[3843, 0], [152, 5]], "SVC,0.001,pima": [[96, 0], [56, 2]], "vSVM,16,isolet": [[1192, 0], [56, 0]], "EasyEnsemble,0.0001,sat": [[245, 566], [0, 76]], "vSVM,4,mf-mor": [[360, 0], [20, 20]], "SMOTE,8,sat": [[798, 0], [89, 0]], "SMOTE,0.001,isolet": [[1194, 5], [5, 44]], "MWMOTE,16,abalone": [[771, 11], [52, 2]], "MWMOTE,16,isolet": [[1201, 0], [47, 0]], "SVC,32,mf-zer": [[351, 0], [49, 0]], "MWMOTE,2,letter": [[3821, 0], [93, 86]], "SVC,2,abalone": [[782, 2], [50, 2]], "vSVM,1e-08,sat": [[624, 186], [4, 73]], "SMOTE,0.0001,sat": [[806, 0], [81, 0]], "MWMOTE,2,mf-zer": [[356, 0], [44, 0]], "SMOTE,1e-07,isolet": [[1200, 0], [48, 0]], "SMOTE,0.1,mf-mor": [[367, 0], [0, 33]], "EasyEnsemble,0.1,isolet": [[1197, 5], [32, 14]], "SVC,0.01,mf-mor": [[363, 0], [0, 37]], "SVC,0.01,letter": [[3821, 8], [16, 155]], "EasyEnsemble,1e-06,isolet": [[1054, 159], [0, 35]], "vSVM,1,abalone": [[646, 137], [27, 26]], "EasyEnsemble,1e-05,sat": [[159, 638], [0, 90]], "SVC,0.0001,sat": [[810, 0], [77, 0]], "vSVM,4,pima": [[91, 0], [63, 0]], "MWMOTE,16,letter": [[3840, 0], [150, 10]], "vSVM,16,pima": [[97, 0], [57, 0]], "MWMOTE,1e-07,sat": [[808, 0], [79, 0]], "MWMOTE,16,pima": [[0, 99], [0, 55]], "EasyEnsemble,4,letter": [[3853, 0], [72, 75]], "EasyEnsemble,0.01,abalone": [[580, 195], [10, 51]], "vSVM,0.001,letter": [[3816, 33], [79, 72]], "SMOTE,32,letter": [[3838, 0], [150, 12]], "MWMOTE,0.001,abalone": [[782, 0], [53, 1]], "EasyEnsemble,1,isolet": [[1191, 0], [57, 0]], "SVC,32,isolet": [[1199, 0], [49, 0]], "vSVM,1e-05,mf-mor": [[358, 0], [3, 39]], "SVC,1e-08,isolet": [[1196, 0], [52, 0]], "SVC,0.01,sat": [[828, 0], [59, 0]], "EasyEnsemble,8,isolet": [[219, 990], [0, 39]], "MWMOTE,0.1,sat": [[772, 36], [9, 70]], "MWMOTE,1,isolet": [[1208, 0], [40, 0]], "MWMOTE,8,abalone": [[770, 21], [41, 4]], "EasyEnsemble,0.0001,letter": [[3449, 401], [17, 133]], "SVC,8,mf-mor": [[354, 0], [0, 46]], "MWMOTE,2,isolet": [[1209, 0], [39, 0]], "SVC,4,sat": [[807, 0], [80, 0]], "SMOTE,1e-08,isolet": [[1205, 0], [43, 0]], "SVC,0.001,isolet": [[1198, 0], [37, 13]], "SMOTE,16,letter": [[3835, 0], [154, 11]], "SVC,1e-08,sat": [[813, 0], [74, 0]], "SVC,1,letter": [[3855, 0], [34, 111]], "SVC,0.001,mf-mor": [[364, 0], [36, 0]], "SMOTE,2,isolet": [[1204, 0], [44, 0]], "MWMOTE,1e-05,abalone": [[790, 0], [46, 0]], "SMOTE,1,isolet": [[1205, 0], [43, 0]], "SMOTE,32,mf-mor": [[353, 0], [0, 47]], "EasyEnsemble,2,abalone": [[589, 209], [9, 29]], "SMOTE,4,pima": [[48, 49], [11, 46]], "EasyEnsemble,2,mf-zer": [[350, 0], [39, 11]], "MWMOTE,1e-08,mf-zer": [[354, 0], [46, 0]], "SVC,1e-06,mf-mor": [[357, 0], [43, 0]], "SVC,1e-05,letter": [[3844, 0], [156, 0]], "SVC,1e-06,letter": [[3858, 0], [142, 0]], "SMOTE,2,pima": [[71, 29], [9, 45]], "SVC,32,sat": [[795, 0], [92, 0]], "EasyEnsemble,32,mf-zer": [[0, 357], [0, 43]], "vSVM,1e-06,mf-mor": [[361, 0], [28, 11]], "EasyEnsemble,0.01,mf-mor": [[365, 0], [0, 35]], "SMOTE,1e-08,pima": [[0, 102], [0, 52]], "EasyEnsemble,1e-05,mf-zer": [[246, 119], [1, 34]], "EasyEnsemble,0.0001,mf-mor": [[168, 188], [1, 43]], "vSVM,0.1,mf-zer": [[358, 0], [30, 12]], "vSVM,1e-08,abalone": [[190, 597], [1, 48]], "SVC,1e-06,pima": [[99, 0], [55, 0]], "SVC,1e-06,mf-zer": [[348, 0], [52, 0]], "EasyEnsemble,4,mf-mor": [[361, 2], [0, 37]], "SMOTE,16,pima": [[0, 95], [0, 59]], "SMOTE,1,sat": [[799, 1], [42, 45]], "MWMOTE,32,sat": [[799, 0], [88, 0]], "EasyEnsemble,16,letter": [[3851, 0], [131, 18]], "SVC,1e-08,letter": [[3840, 0], [160, 0]], "EasyEnsemble,1,pima": [[76, 32], [9, 37]], "vSVM,1e-05,isolet": [[1162, 34], [31, 21]], "vSVM,0.1,pima": [[60, 43], [29, 22]], "vSVM,16,sat": [[812, 0], [75, 0]], "SVC,16,sat": [[820, 0], [67, 0]], "MWMOTE,32,abalone": [[782, 4], [50, 0]], "EasyEnsemble,0.001,mf-zer": [[305, 55], [0, 40]], "MWMOTE,4,pima": [[81, 18], [41, 14]], "vSVM,1e-06,pima": [[81, 16], [46, 11]], "SVC,0.1,abalone": [[780, 0], [54, 2]], "vSVM,1,mf-zer": [[361, 0], [39, 0]], "EasyEnsemble,1e-07,pima": [[61, 42], [13, 38]], "EasyEnsemble,0.01,mf-zer": [[311, 46], [0, 43]], "MWMOTE,4,mf-zer": [[366, 0], [34, 0]], "vSVM,1e-06,sat": [[790, 11], [66, 20]], "SVC,1,pima": [[81, 12], [34, 27]], "MWMOTE,1e-08,sat": [[797, 0], [90, 0]], "vSVM,1e-07,abalone": [[227, 552], [2, 55]], "SMOTE,32,sat": [[824, 0], [63, 0]], "SMOTE,0.0001,mf-zer": [[347, 9], [3, 41]], "MWMOTE,0.001,isolet": [[1200, 3], [2, 43]], "EasyEnsemble,1,abalone": [[583, 198], [7, 48]], "EasyEnsemble,1e-06,mf-mor": [[159, 202], [1, 38]], "SVC,1,abalone": [[777, 2], [54, 3]], "MWMOTE,0.0001,isolet": [[1210, 0], [37, 1]], "SVC,8,mf-zer": [[350, 0], [50, 0]], "EasyEnsemble,32,isolet": [[0, 1202], [0, 46]], "EasyEnsemble,8,mf-zer": [[16, 351], [0, 33]], "SVC,8,pima": [[98, 0], [56, 0]], "MWMOTE,0.1,isolet": [[1204, 0], [44, 0]], "vSVM,16,mf-zer": [[363, 0], [37, 0]], "vSVM,0.1,isolet": [[1206, 0], [42, 0]], "SVC,0.001,abalone": [[790, 0], [46, 0]], "SVC,2,pima": [[97, 4], [46, 7]], "SVC,1e-05,sat": [[789, 0], [98, 0]], "vSVM,0.1,abalone": [[594, 185], [27, 30]], "SMOTE,1e-08,mf-mor": [[359, 0], [41, 0]], "SVC,32,letter": [[3837, 0], [149, 14]], "SMOTE,0.1,sat": [[769, 35], [6, 77]], "MWMOTE,1e-07,mf-mor": [[361, 0], [39, 0]], "vSVM,16,mf-mor": [[368, 0], [17, 15]], "vSVM,1e-07,mf-zer": [[282, 76], [5, 37]], "vSVM,4,mf-zer": [[362, 0], [38, 0]], "vSVM,32,isolet": [[1197, 0], [51, 0]], "EasyEnsemble,1,mf-zer": [[367, 0], [19, 14]], "MWMOTE,1e-06,mf-mor": [[370, 0], [30, 0]], "EasyEnsemble,4,isolet": [[1204, 0], [44, 0]], "SVC,0.1,mf-zer": [[370, 0], [3, 27]], "MWMOTE,1,pima": [[75, 23], [23, 33]], "SMOTE,0.0001,mf-mor": [[363, 0], [37, 0]], "SVC,1e-08,mf-zer": [[365, 0], [35, 0]], "vSVM,0.001,sat": [[779, 18], [45, 45]], "MWMOTE,4,isolet": [[1198, 0], [50, 0]], "SMOTE,0.0001,isolet": [[1206, 0], [40, 2]], "vSVM,0.01,letter": [[3812, 39], [72, 77]], "EasyEnsemble,0.1,mf-zer": [[354, 3], [1, 42]], "EasyEnsemble,1e-05,pima": [[66, 39], [8, 41]], "SMOTE,1e-06,isolet": [[1206, 0], [42, 0]], "SMOTE,1,mf-mor": [[368, 0], [0, 32]], "SMOTE,8,letter": [[3838, 0], [147, 15]], "vSVM,8,abalone": [[789, 0], [47, 0]], "vSVM,1e-07,letter": [[3830, 0], [159, 11]], "SMOTE,1e-07,sat": [[819, 0], [68, 0]], "MWMOTE,0.01,mf-mor": [[360, 0], [0, 40]], "SMOTE,4,mf-mor": [[360, 0], [0, 40]], "SMOTE,1e-06,abalone": [[792, 0], [44, 0]], "vSVM,8,sat": [[797, 0], [90, 0]], "EasyEnsemble,2,pima": [[61, 37], [12, 44]], "vSVM,4,isolet": [[1193, 0], [55, 0]], "SVC,0.0001,letter": [[3848, 0], [152, 0]], "EasyEnsemble,0.001,isolet": [[1105, 90], [0, 53]], "vSVM,2,letter": [[3846, 0], [137, 17]], "vSVM,2,mf-zer": [[357, 0], [43, 0]], "SVC,0.0001,mf-zer": [[350, 0], [50, 0]], "SVC,16,pima": [[99, 0], [55, 0]], "SVC,1e-05,abalone": [[783, 0], [53, 0]], "MWMOTE,1e-08,abalone": [[776, 0], [60, 0]], "SVC,0.0001,abalone": [[781, 0], [55, 0]], "EasyEnsemble,8,abalone": [[402, 384], [5, 45]], "EasyEnsemble,4,abalone": [[512, 271], [7, 46]], "SVC,1e-06,abalone": [[792, 0], [44, 0]], "MWMOTE,1e-05,letter": [[3840, 0], [160, 0]], "SMOTE,4,abalone": [[760, 28], [39, 9]], "MWMOTE,8,mf-zer": [[356, 0], [44, 0]], "SVC,0.1,isolet": [[1201, 0], [47, 0]], "SVC,8,abalone": [[785, 1], [50, 0]], "MWMOTE,1,mf-mor": [[355, 0], [0, 45]], "EasyEnsemble,0.0001,mf-zer": [[304, 52], [1, 43]], "SMOTE,0.001,letter": [[3821, 12], [22, 145]], "SVC,32,pima": [[101, 0], [53, 0]], "vSVM,32,letter": [[3843, 0], [150, 7]], "vSVM,1e-06,letter": [[3834, 10], [110, 46]], "SMOTE,1e-05,mf-mor": [[363, 0], [37, 0]], "MWMOTE,8,mf-mor": [[363, 0], [0, 37]], "vSVM,1e-06,isolet": [[1163, 45], [18, 22]], "EasyEnsemble,8,letter": [[3843, 0], [125, 32]], "EasyEnsemble,1e-08,isolet": [[989, 214], [0, 45]], "MWMOTE,8,pima": [[6, 96], [1, 51]], "SVC,1e-07,letter": [[3838, 0], [162, 0]], "MWMOTE,0.0001,mf-zer": [[343, 15], [2, 40]], "MWMOTE,8,isolet": [[1203, 0], [45, 0]], "MWMOTE,2,abalone": [[743, 41], [34, 18]], "SMOTE,8,abalone": [[760, 14], [58, 4]], "SVC,16,mf-zer": [[356, 0], [44, 0]], "vSVM,16,letter": [[3832, 0], [162, 6]], "MWMOTE,32,pima": [[0, 107], [0, 47]], "SVC,4,mf-zer": [[360, 0], [40, 0]], "MWMOTE,0.1,abalone": [[744, 37], [20, 35]], "vSVM,32,mf-mor": [[362, 0], [27, 11]], "vSVM,8,mf-mor": [[364, 0], [19, 17]], "MWMOTE,1e-08,isolet": [[1194, 0], [54, 0]], "MWMOTE,16,mf-zer": [[354, 0], [46, 0]], "vSVM,0.001,mf-mor": [[356, 0], [20, 24]], "SVC,1e-05,isolet": [[1205, 0], [43, 0]], "vSVM,1e-05,mf-zer": [[366, 0], [17, 17]], "MWMOTE,32,isolet": [[1205, 0], [43, 0]], "EasyEnsemble,0.01,pima": [[75, 26], [18, 35]], "MWMOTE,0.001,letter": [[3831, 17], [21, 131]], "SVC,2,isolet": [[1200, 0], [48, 0]], "MWMOTE,2,pima": [[78, 21], [38, 17]], "SMOTE,1e-06,mf-mor": [[366, 0], [34, 0]], "MWMOTE,8,letter": [[3841, 0], [148, 11]], "SVC,1,mf-mor": [[363, 0], [1, 36]], "SMOTE,0.1,mf-zer": [[362, 1], [4, 33]], "EasyEnsemble,2,sat": [[731, 62], [16, 78]], "EasyEnsemble,1e-08,letter": [[3174, 681], [15, 130]], "EasyEnsemble,1e-07,mf-zer": [[257, 99], [0, 44]], "vSVM,1,sat": [[795, 0], [86, 6]], "SVC,1,isolet": [[1209, 0], [39, 0]], "SMOTE,1e-05,isolet": [[1196, 0], [52, 0]], "SMOTE,0.1,pima": [[63, 46], [6, 39]], "EasyEnsemble,0.001,mf-mor": [[234, 138], [0, 28]], "EasyEnsemble,0.01,sat": [[519, 295], [1, 72]], "MWMOTE,1e-05,mf-zer": [[362, 0], [38, 0]], "EasyEnsemble,1e-08,abalone": [[547, 234], [20, 35]], "MWMOTE,0.1,mf-zer": [[364, 0], [4, 32]], "SMOTE,1,mf-zer": [[354, 0], [46, 0]], "vSVM,1e-05,sat": [[777, 23], [56, 31]], "SVC,16,abalone": [[777, 0], [59, 0]], "EasyEnsemble,8,mf-mor": [[354, 0], [2, 44]], "SMOTE,1e-06,pima": [[0, 101], [0, 53]], "MWMOTE,0.001,pima": [[2, 100], [0, 52]], "EasyEnsemble,1,sat": [[714, 93], [17, 63]], "SVC,0.01,pima": [[87, 18], [22, 27]], "vSVM,0.0001,mf-zer": [[360, 0], [20, 20]], "SVC,0.0001,mf-mor": [[358, 0], [42, 0]], "SMOTE,32,pima": [[0, 94], [0, 60]], "EasyEnsemble,0.1,abalone": [[594, 180], [9, 53]], "vSVM,1e-07,isolet": [[1191, 20], [20, 17]], "SMOTE,0.1,isolet": [[1209, 0], [39, 0]], "SVC,8,letter": [[3841, 0], [152, 7]], "SVC,2,mf-zer": [[359, 0], [41, 0]], "MWMOTE,4,mf-mor": [[365, 0], [0, 35]], "vSVM,32,abalone": [[790, 0], [46, 0]], "SMOTE,0.001,pima": [[15, 80], [0, 59]], "vSVM,0.1,sat": [[770, 21], [50, 46]], "MWMOTE,0.001,mf-zer": [[356, 2], [2, 40]], "vSVM,16,abalone": [[774, 0], [62, 0]], "MWMOTE,1,sat": [[816, 3], [30, 38]], "SMOTE,1e-07,mf-zer": [[361, 0], [39, 0]], "MWMOTE,16,mf-mor": [[362, 0], [0, 38]], "EasyEnsemble,16,abalone": [[266, 517], [2, 51]], "SVC,32,abalone": [[778, 0], [58, 0]], "SVC,1e-06,isolet": [[1200, 0], [48, 0]], "vSVM,0.0001,abalone": [[554, 223], [32, 27]], "SMOTE,0.01,pima": [[58, 48], [6, 42]], "SVC,16,letter": [[3830, 0], [156, 14]], "SVC,1e-07,mf-mor": [[363, 0], [37, 0]], "vSVM,0.0001,mf-mor": [[361, 0], [25, 14]], "MWMOTE,0.1,pima": [[55, 44], [6, 49]], "SVC,0.0001,isolet": [[1202, 0], [46, 0]], "MWMOTE,1e-06,pima": [[0, 104], [0, 50]], "vSVM,0.1,letter": [[3824, 5], [89, 82]], "SMOTE,0.01,mf-zer": [[362, 1], [0, 37]], "EasyEnsemble,1e-08,mf-zer": [[252, 109], [0, 39]], "MWMOTE,1e-06,isolet": [[1205, 0], [43, 0]], "vSVM,8,pima": [[95, 0], [59, 0]], "SVC,8,sat": [[799, 0], [88, 0]], "SMOTE,1e-07,letter": [[3842, 0], [158, 0]], "vSVM,1e-07,sat": [[630, 158], [18, 81]], "EasyEnsemble,1e-06,abalone": [[528, 251], [18, 39]], "MWMOTE,1e-07,pima": [[0, 90], [0, 64]], "MWMOTE,1e-07,isolet": [[1199, 0], [49, 0]], "vSVM,1e-06,abalone": [[348, 432], [6, 50]], "EasyEnsemble,1e-08,mf-mor": [[184, 176], [2, 38]], "MWMOTE,0.0001,letter": [[3821, 30], [18, 131]], "SVC,0.1,mf-mor": [[359, 0], [1, 40]], "EasyEnsemble,0.1,pima": [[79, 16], [22, 37]], "vSVM,1,pima": [[108, 2], [42, 2]], "SMOTE,4,isolet": [[1198, 0], [50, 0]], "EasyEnsemble,16,pima": [[11, 83], [2, 58]], "SMOTE,2,letter": [[3862, 0], [70, 68]], "SMOTE,2,mf-zer": [[362, 0], [38, 0]], "MWMOTE,1e-06,sat": [[804, 0], [83, 0]], "MWMOTE,32,mf-zer": [[354, 0], [46, 0]], "EasyEnsemble,1e-07,sat": [[122, 674], [0, 91]], "MWMOTE,1e-06,abalone": [[787, 0], [49, 0]]}