{"vSVM,1,letter": [[19211, 0], [543, 246]], "EasyEnsemble,1,mf-mor": [[1776, 24], [3, 197]], "SVC,1e-05,pima": [[500, 0], [268, 0]], "vSVM,4,abalone": [[3799, 117], [242, 19]], "SMOTE,0.01,mf-mor": [[1800, 0], [3, 197]], "EasyEnsemble,0.001,letter": [[18401, 810], [86, 703]], "EasyEnsemble,1e-06,mf-zer": [[1285, 515], [3, 197]], "SVC,2,mf-mor": [[1800, 0], [3, 197]], "EasyEnsemble,8,sat": [[29, 1760], [0, 211]], "EasyEnsemble,32,mf-mor": [[1800, 0], [2, 198]], "EasyEnsemble,0.0001,isolet": [[1278, 221], [0, 60]], "SMOTE,4,sat": [[1789, 0], [211, 0]], "SVC,0.01,abalone": [[3916, 0], [261, 0]], "EasyEnsemble,32,sat": [[0, 1789], [0, 211]], "SMOTE,1e-05,abalone": [[3916, 0], [261, 0]], "EasyEnsemble,16,mf-mor": [[1800, 0], [3, 197]], "SMOTE,1e-06,letter": [[19211, 0], [789, 0]], "EasyEnsemble,1e-06,pima": [[316, 184], [43, 225]], "SVC,1e-08,pima": [[500, 0], [268, 0]], "SMOTE,2,abalone": [[3731, 185], [178, 83]], "MWMOTE,1e-07,letter": [[19211, 0], [789, 0]], "SMOTE,0.0001,letter": [[19026, 185], [97, 692]], "SMOTE,0.001,mf-mor": [[1800, 0], [3, 197]], "MWMOTE,1e-05,isolet": [[1499, 0], [60, 0]], "MWMOTE,0.0001,abalone": [[3916, 0], [261, 0]], "EasyEnsemble,0.001,pima": [[388, 112], [83, 185]], "SVC,2,sat": [[1788, 1], [157, 54]], "EasyEnsemble,32,letter": [[19211, 0], [156, 633]], "SMOTE,8,mf-mor": [[1800, 0], [3, 197]], "EasyEnsemble,1e-07,abalone": [[2555, 1361], [82, 179]], "EasyEnsemble,1e-05,abalone": [[2652, 1264], [92, 169]], "SMOTE,32,mf-zer": [[1800, 0], [200, 0]], "MWMOTE,0.1,letter": [[19205, 6], [10, 779]], "MWMOTE,4,sat": [[1789, 0], [211, 0]], "SMOTE,1e-05,mf-zer": [[1800, 0], [200, 0]], "vSVM,2,sat": [[1789, 0], [208, 3]], "EasyEnsemble,8,pima": [[127, 373], [1, 267]], "SVC,0.001,letter": [[19168, 43], [126, 663]], "vSVM,1e-05,pima": [[326, 174], [147, 121]], "SVC,2,letter": [[19211, 0], [420, 369]], "vSVM,2,mf-mor": [[1800, 0], [99, 101]], "vSVM,0.001,pima": [[307, 193], [137, 131]], "MWMOTE,16,sat": [[1789, 0], [211, 0]], "SVC,4,letter": [[19211, 0], [689, 100]], "SMOTE,0.001,abalone": [[3914, 2], [250, 11]], "EasyEnsemble,1e-08,pima": [[293, 207], [33, 235]], "EasyEnsemble,1e-06,sat": [[284, 1505], [0, 211]], "MWMOTE,1e-06,mf-zer": [[1800, 0], [200, 0]], "vSVM,1e-08,letter": [[17906, 1305], [452, 337]], "SVC,1e-08,abalone": [[3916, 0], [261, 0]], "SMOTE,0.01,abalone": [[3798, 118], [157, 104]], "MWMOTE,1e-05,mf-mor": [[1800, 0], [200, 0]], "vSVM,0.0001,isolet": [[1473, 26], [36, 24]], "vSVM,32,sat": [[1789, 0], [211, 0]], "SMOTE,0.0001,pima": [[0, 500], [0, 268]], "vSVM,4,sat": [[1789, 0], [211, 0]], "MWMOTE,1e-07,mf-zer": [[1800, 0], [200, 0]], "EasyEnsemble,1e-05,letter": [[15693, 3518], [84, 705]], "MWMOTE,0.0001,pima": [[0, 500], [0, 268]], "vSVM,1e-07,mf-mor": [[996, 804], [81, 119]], "SVC,1e-07,mf-zer": [[1800, 0], [200, 0]], "MWMOTE,0.001,mf-mor": [[1800, 0], [3, 197]], "EasyEnsemble,1e-05,mf-mor": [[813, 987], [3, 197]], "EasyEnsemble,2,letter": [[19211, 0], [45, 744]], "SVC,1,mf-zer": [[1800, 0], [200, 0]], "vSVM,4,letter": [[19211, 0], [761, 28]], "MWMOTE,2,sat": [[1788, 1], [148, 63]], "vSVM,0.001,mf-zer": [[1800, 0], [102, 98]], "MWMOTE,32,letter": [[19211, 0], [738, 51]], "SMOTE,16,abalone": [[3861, 55], [252, 9]], "vSVM,8,isolet": [[1499, 0], [60, 0]], "vSVM,0.01,sat": [[1735, 54], [92, 119]], "vSVM,1e-07,pima": [[179, 321], [101, 167]], "SMOTE,32,abalone": [[3907, 9], [259, 2]], "SVC,0.1,pima": [[443, 57], [122, 146]], "SVC,1,sat": [[1782, 7], [90, 121]], "EasyEnsemble,1e-08,sat": [[285, 1504], [0, 211]], "MWMOTE,0.01,sat": [[1607, 182], [34, 177]], "SMOTE,0.01,isolet": [[1499, 0], [5, 55]], "EasyEnsemble,1e-07,letter": [[15696, 3515], [84, 705]], "vSVM,0.01,pima": [[309, 191], [137, 131]], "SMOTE,0.0001,abalone": [[3916, 0], [261, 0]], "SMOTE,4,mf-zer": [[1800, 0], [200, 0]], "vSVM,1e-08,mf-zer": [[1311, 489], [51, 149]], "MWMOTE,2,mf-mor": [[1800, 0], [3, 197]], "vSVM,1e-05,letter": [[19020, 191], [398, 391]], "EasyEnsemble,1e-05,isolet": [[1275, 224], [0, 60]], "vSVM,0.01,mf-zer": [[1800, 0], [100, 100]], "EasyEnsemble,1e-07,mf-mor": [[799, 1001], [3, 197]], "SVC,0.01,mf-zer": [[1798, 2], [9, 191]], "MWMOTE,1e-08,pima": [[0, 500], [0, 268]], "MWMOTE,0.01,mf-zer": [[1795, 5], [5, 195]], "vSVM,1e-06,mf-zer": [[1792, 8], [101, 99]], "EasyEnsemble,1,letter": [[19210, 1], [27, 762]], "SVC,0.01,isolet": [[1499, 0], [5, 55]], "SMOTE,16,isolet": [[1499, 0], [60, 0]], "EasyEnsemble,0.001,sat": [[803, 986], [1, 210]], "vSVM,0.001,isolet": [[1473, 26], [36, 24]], "MWMOTE,8,sat": [[1789, 0], [211, 0]], "SMOTE,1,pima": [[351, 149], [76, 192]], "SVC,0.0001,pima": [[500, 0], [268, 0]], "SMOTE,1e-08,sat": [[1789, 0], [211, 0]], "vSVM,0.1,mf-mor": [[1800, 0], [100, 100]], "MWMOTE,1e-08,letter": [[19211, 0], [789, 0]], "SVC,32,mf-mor": [[1800, 0], [7, 193]], "vSVM,0.0001,sat": [[1736, 53], [93, 118]], "SVC,1e-08,mf-mor": [[1800, 0], [200, 0]], "vSVM,1e-08,pima": [[97, 403], [68, 200]], "MWMOTE,1e-07,abalone": [[3916, 0], [261, 0]], "SMOTE,1,letter": [[19211, 0], [141, 648]], "SMOTE,1,abalone": [[3729, 187], [148, 113]], "SVC,16,mf-mor": [[1800, 0], [5, 195]], "vSVM,0.01,mf-mor": [[1800, 0], [97, 103]], "vSVM,32,pima": [[500, 0], [268, 0]], "SMOTE,2,sat": [[1788, 1], [147, 64]], "EasyEnsemble,2,mf-mor": [[1782, 18], [2, 198]], "SVC,1e-07,pima": [[500, 0], [268, 0]], "EasyEnsemble,0.1,sat": [[1148, 641], [1, 210]], "SVC,0.1,sat": [[1750, 39], [55, 156]], "vSVM,1e-05,abalone": [[2891, 1025], [146, 115]], "vSVM,0.01,abalone": [[2822, 1094], [133, 128]], "SMOTE,8,pima": [[14, 486], [3, 265]], "EasyEnsemble,1e-06,letter": [[15738, 3473], [85, 704]], "vSVM,2,abalone": [[3492, 424], [196, 65]], "EasyEnsemble,32,pima": [[347, 153], [56, 212]], "MWMOTE,1e-06,letter": [[19211, 0], [789, 0]], "SMOTE,0.1,letter": [[19205, 6], [12, 777]], "EasyEnsemble,2,isolet": [[1499, 0], [60, 0]], "vSVM,8,mf-zer": [[1800, 0], [200, 0]], "vSVM,0.0001,letter": [[19000, 211], [395, 394]], "SMOTE,8,mf-zer": [[1800, 0], [200, 0]], "vSVM,1e-08,isolet": [[1213, 286], [17, 43]], "EasyEnsemble,1e-07,isolet": [[1275, 224], [0, 60]], "SMOTE,1e-07,pima": [[0, 500], [0, 268]], "SVC,16,isolet": [[1499, 0], [60, 0]], "SVC,1e-07,sat": [[1789, 0], [211, 0]], "EasyEnsemble,4,mf-zer": [[23, 1777], [0, 200]], "vSVM,2,isolet": [[1499, 0], [60, 0]], "SVC,4,isolet": [[1499, 0], [60, 0]], "vSVM,1,isolet": [[1499, 0], [60, 0]], "MWMOTE,0.01,pima": [[215, 285], [17, 251]], "EasyEnsemble,0.01,isolet": [[1457, 42], [1, 59]], "SMOTE,16,sat": [[1789, 0], [211, 0]], "SVC,0.001,sat": [[1789, 0], [211, 0]], "MWMOTE,0.0001,sat": [[1789, 0], [211, 0]], "vSVM,32,mf-zer": [[1800, 0], [200, 0]], "vSVM,2,pima": [[500, 0], [268, 0]], "SVC,1e-06,sat": [[1789, 0], [211, 0]], "MWMOTE,0.01,abalone": [[3779, 137], [147, 114]], "EasyEnsemble,0.0001,abalone": [[2646, 1270], [94, 167]], "MWMOTE,1,letter": [[19211, 0], [143, 646]], "EasyEnsemble,4,pima": [[208, 292], [7, 261]], "SMOTE,2,mf-mor": [[1800, 0], [3, 197]], "SVC,4,pima": [[498, 2], [266, 2]], "SMOTE,1e-08,abalone": [[3916, 0], [261, 0]], "MWMOTE,1e-05,pima": [[0, 500], [0, 268]], "SMOTE,1e-05,pima": [[0, 500], [0, 268]], "MWMOTE,4,letter": [[19211, 0], [645, 144]], "vSVM,0.001,abalone": [[2814, 1102], [132, 129]], "SMOTE,0.001,sat": [[1646, 143], [62, 149]], "SMOTE,0.01,letter": [[19172, 39], [93, 696]], "SVC,8,isolet": [[1499, 0], [60, 0]], "SMOTE,1e-08,letter": [[19211, 0], [789, 0]], "MWMOTE,1e-05,sat": [[1789, 0], [211, 0]], "MWMOTE,0.0001,mf-mor": [[1800, 0], [200, 0]], "vSVM,0.0001,pima": [[306, 194], [138, 130]], "MWMOTE,1e-08,mf-mor": [[1800, 0], [200, 0]], "EasyEnsemble,32,abalone": [[775, 3141], [0, 261]], "SVC,1e-07,isolet": [[1499, 0], [60, 0]], "SMOTE,1e-07,abalone": [[3916, 0], [261, 0]], "SMOTE,1e-07,mf-mor": [[1800, 0], [200, 0]], "EasyEnsemble,16,sat": [[0, 1789], [0, 211]], "MWMOTE,0.01,letter": [[19132, 79], [72, 717]], "EasyEnsemble,4,sat": [[657, 1132], [4, 207]], "EasyEnsemble,0.001,abalone": [[2263, 1653], [54, 207]], "SMOTE,1e-05,sat": [[1789, 0], [211, 0]], "SMOTE,4,letter": [[19211, 0], [654, 135]], "MWMOTE,32,mf-mor": [[1800, 0], [9, 191]], "SMOTE,16,mf-zer": [[1800, 0], [200, 0]], "MWMOTE,1,mf-zer": [[1800, 0], [200, 0]], "SMOTE,0.001,mf-zer": [[1794, 6], [6, 194]], "EasyEnsemble,0.1,mf-mor": [[1769, 31], [1, 199]], "MWMOTE,0.1,mf-mor": [[1800, 0], [3, 197]], "EasyEnsemble,0.01,letter": [[18708, 503], [41, 748]], "SMOTE,1e-06,sat": [[1789, 0], [211, 0]], "SVC,4,abalone": [[3907, 9], [256, 5]], "SVC,0.1,letter": [[19211, 0], [60, 729]], "SMOTE,0.1,abalone": [[3715, 201], [122, 139]], "vSVM,1e-08,mf-mor": [[1510, 290], [168, 32]], "SVC,1e-07,abalone": [[3916, 0], [261, 0]], "SMOTE,8,isolet": [[1499, 0], [60, 0]], "SMOTE,16,mf-mor": [[1800, 0], [4, 196]], "SMOTE,0.01,sat": [[1608, 181], [32, 179]], "SVC,1e-05,mf-mor": [[1800, 0], [200, 0]], "EasyEnsemble,16,mf-zer": [[0, 1800], [0, 200]], "EasyEnsemble,0.0001,pima": [[312, 188], [43, 225]], "SMOTE,32,isolet": [[1499, 0], [60, 0]], "vSVM,0.01,isolet": [[1474, 25], [36, 24]], "SMOTE,1e-08,mf-zer": [[1800, 0], [200, 0]], "MWMOTE,4,abalone": [[3753, 163], [199, 62]], "MWMOTE,0.01,isolet": [[1499, 0], [5, 55]], "SMOTE,1e-05,letter": [[19211, 0], [789, 0]], "EasyEnsemble,16,isolet": [[0, 1499], [0, 60]], "EasyEnsemble,0.1,letter": [[18970, 241], [0, 789]], "MWMOTE,1,abalone": [[3702, 214], [153, 108]], "SVC,1e-05,mf-zer": [[1800, 0], [200, 0]], "MWMOTE,0.001,sat": [[1681, 108], [72, 139]], "vSVM,1,mf-mor": [[1800, 0], [101, 99]], "SVC,4,mf-mor": [[1800, 0], [3, 197]], "SVC,0.001,mf-zer": [[1798, 2], [17, 183]], "SMOTE,1e-06,mf-zer": [[1800, 0], [200, 0]], "vSVM,8,letter": [[19211, 0], [769, 20]], "SVC,0.001,pima": [[498, 2], [262, 6]], "vSVM,16,isolet": [[1499, 0], [60, 0]], "EasyEnsemble,0.0001,sat": [[520, 1269], [0, 211]], "vSVM,4,mf-mor": [[1800, 0], [103, 97]], "SMOTE,8,sat": [[1789, 0], [211, 0]], "SMOTE,0.001,isolet": [[1497, 2], [3, 57]], "MWMOTE,16,abalone": [[3877, 39], [251, 10]], "MWMOTE,16,isolet": [[1499, 0], [60, 0]], "SVC,32,mf-zer": [[1800, 0], [200, 0]], "MWMOTE,2,letter": [[19211, 0], [378, 411]], "SVC,2,abalone": [[3903, 13], [254, 7]], "vSVM,1e-08,sat": [[1439, 350], [22, 189]], "SMOTE,0.0001,sat": [[1789, 0], [211, 0]], "MWMOTE,2,mf-zer": [[1800, 0], [200, 0]], "SMOTE,1e-07,isolet": [[1499, 0], [60, 0]], "SMOTE,0.1,mf-mor": [[1800, 0], [3, 197]], "EasyEnsemble,0.1,isolet": [[1494, 5], [37, 23]], "SVC,0.01,mf-mor": [[1800, 0], [3, 197]], "SVC,0.01,letter": [[19198, 13], [109, 680]], "EasyEnsemble,1e-06,isolet": [[1275, 224], [0, 60]], "vSVM,1,abalone": [[3313, 603], [148, 113]], "EasyEnsemble,1e-05,sat": [[285, 1504], [0, 211]], "SVC,0.0001,sat": [[1789, 0], [211, 0]], "vSVM,4,pima": [[500, 0], [268, 0]], "MWMOTE,16,letter": [[19211, 0], [738, 51]], "vSVM,16,pima": [[500, 0], [268, 0]], "MWMOTE,1e-07,sat": [[1789, 0], [211, 0]], "MWMOTE,16,pima": [[0, 500], [0, 268]], "EasyEnsemble,4,letter": [[19211, 0], [84, 705]], "EasyEnsemble,0.01,abalone": [[2715, 1201], [39, 222]], "vSVM,0.001,letter": [[19011, 200], [398, 391]], "SMOTE,32,letter": [[19211, 0], [738, 51]], "MWMOTE,0.001,abalone": [[3914, 2], [256, 5]], "EasyEnsemble,1,isolet": [[1499, 0], [60, 0]], "SVC,32,isolet": [[1499, 0], [60, 0]], "vSVM,1e-05,mf-mor": [[1800, 0], [77, 123]], "SVC,1e-08,isolet": [[1499, 0], [60, 0]], "SVC,0.01,sat": [[1789, 0], [211, 0]], "EasyEnsemble,8,isolet": [[295, 1204], [0, 60]], "MWMOTE,0.1,sat": [[1700, 89], [18, 193]], "MWMOTE,1,isolet": [[1499, 0], [60, 0]], "MWMOTE,8,abalone": [[3827, 89], [233, 28]], "EasyEnsemble,0.0001,letter": [[17141, 2070], [86, 703]], "SVC,8,mf-mor": [[1800, 0], [3, 197]], "MWMOTE,2,isolet": [[1499, 0], [60, 0]], "SVC,4,sat": [[1789, 0], [211, 0]], "SMOTE,1e-08,isolet": [[1499, 0], [60, 0]], "SVC,0.001,isolet": [[1499, 0], [28, 32]], "SMOTE,16,letter": [[19211, 0], [742, 47]], "SVC,1e-08,sat": [[1789, 0], [211, 0]], "SVC,1,letter": [[19211, 0], [181, 608]], "SVC,0.001,mf-mor": [[1800, 0], [200, 0]], "SMOTE,2,isolet": [[1499, 0], [60, 0]], "MWMOTE,1e-05,abalone": [[3916, 0], [261, 0]], "SMOTE,1,isolet": [[1499, 0], [60, 0]], "SMOTE,32,mf-mor": [[1800, 0], [6, 194]], "EasyEnsemble,2,abalone": [[2708, 1208], [15, 246]], "SMOTE,4,pima": [[210, 290], [34, 234]], "EasyEnsemble,2,mf-zer": [[812, 988], [32, 168]], "MWMOTE,1e-08,mf-zer": [[1800, 0], [200, 0]], "SVC,1e-06,mf-mor": [[1800, 0], [200, 0]], "SVC,1e-05,letter": [[19211, 0], [789, 0]], "SVC,1e-06,letter": [[19211, 0], [789, 0]], "SMOTE,2,pima": [[335, 165], [106, 162]], "SVC,32,sat": [[1789, 0], [211, 0]], "EasyEnsemble,32,mf-zer": [[44, 1756], [0, 200]], "vSVM,1e-06,mf-mor": [[1800, 0], [55, 145]], "EasyEnsemble,0.01,mf-mor": [[1362, 438], [3, 197]], "SMOTE,1e-08,pima": [[0, 500], [0, 268]], "EasyEnsemble,1e-05,mf-zer": [[1318, 482], [3, 197]], "EasyEnsemble,0.0001,mf-mor": [[779, 1021], [3, 197]], "vSVM,0.1,mf-zer": [[1800, 0], [119, 81]], "vSVM,1e-08,abalone": [[1936, 1980], [77, 184]], "SVC,1e-06,pima": [[500, 0], [268, 0]], "SVC,1e-06,mf-zer": [[1800, 0], [200, 0]], "EasyEnsemble,4,mf-mor": [[1794, 6], [1, 199]], "SMOTE,16,pima": [[0, 500], [0, 268]], "SMOTE,1,sat": [[1782, 7], [83, 128]], "MWMOTE,32,sat": [[1789, 0], [211, 0]], "EasyEnsemble,16,letter": [[19211, 0], [127, 662]], "SVC,1e-08,letter": [[19211, 0], [789, 0]], "EasyEnsemble,1,pima": [[330, 170], [23, 245]], "vSVM,1e-05,isolet": [[1473, 26], [36, 24]], "vSVM,0.1,pima": [[326, 174], [140, 128]], "vSVM,16,sat": [[1789, 0], [211, 0]], "SVC,16,sat": [[1789, 0], [211, 0]], "MWMOTE,32,abalone": [[3909, 7], [259, 2]], "EasyEnsemble,0.001,mf-zer": [[1586, 214], [4, 196]], "MWMOTE,4,pima": [[415, 85], [193, 75]], "vSVM,1e-06,pima": [[307, 193], [155, 113]], "SVC,0.1,abalone": [[3912, 4], [249, 12]], "vSVM,1,mf-zer": [[1800, 0], [200, 0]], "EasyEnsemble,1e-07,pima": [[312, 188], [45, 223]], "EasyEnsemble,0.01,mf-zer": [[1632, 168], [2, 198]], "MWMOTE,4,mf-zer": [[1800, 0], [200, 0]], "vSVM,1e-06,sat": [[1691, 98], [68, 143]], "SVC,1,pima": [[441, 59], [165, 103]], "MWMOTE,1e-08,sat": [[1789, 0], [211, 0]], "vSVM,1e-07,abalone": [[2100, 1816], [100, 161]], "SMOTE,32,sat": [[1789, 0], [211, 0]], "SMOTE,0.0001,mf-zer": [[1760, 40], [9, 191]], "MWMOTE,0.001,isolet": [[1497, 2], [3, 57]], "EasyEnsemble,1,abalone": [[2843, 1073], [21, 240]], "EasyEnsemble,1e-06,mf-mor": [[817, 983], [3, 197]], "SVC,1,abalone": [[3901, 15], [244, 17]], "MWMOTE,0.0001,isolet": [[1499, 0], [49, 11]], "SVC,8,mf-zer": [[1800, 0], [200, 0]], "EasyEnsemble,32,isolet": [[0, 1499], [0, 60]], "EasyEnsemble,8,mf-zer": [[6, 1794], [0, 200]], "SVC,8,pima": [[500, 0], [268, 0]], "MWMOTE,0.1,isolet": [[1499, 0], [60, 0]], "vSVM,16,mf-zer": [[1800, 0], [200, 0]], "vSVM,0.1,isolet": [[1499, 0], [60, 0]], "SVC,0.001,abalone": [[3916, 0], [261, 0]], "SVC,2,pima": [[476, 24], [252, 16]], "SVC,1e-05,sat": [[1789, 0], [211, 0]], "vSVM,0.1,abalone": [[2985, 931], [133, 128]], "SMOTE,1e-08,mf-mor": [[1800, 0], [200, 0]], "SVC,32,letter": [[19211, 0], [734, 55]], "SMOTE,0.1,sat": [[1704, 85], [20, 191]], "MWMOTE,1e-07,mf-mor": [[1800, 0], [200, 0]], "vSVM,16,mf-mor": [[1800, 0], [102, 98]], "vSVM,1e-07,mf-zer": [[1587, 213], [89, 111]], "vSVM,4,mf-zer": [[1800, 0], [200, 0]], "vSVM,32,isolet": [[1499, 0], [60, 0]], "EasyEnsemble,1,mf-zer": [[1800, 0], [24, 176]], "MWMOTE,1e-06,mf-mor": [[1800, 0], [200, 0]], "EasyEnsemble,4,isolet": [[1499, 0], [60, 0]], "SVC,0.1,mf-zer": [[1798, 2], [16, 184]], "MWMOTE,1,pima": [[368, 132], [94, 174]], "SMOTE,0.0001,mf-mor": [[1800, 0], [200, 0]], "SVC,1e-08,mf-zer": [[1800, 0], [200, 0]], "vSVM,0.001,sat": [[1737, 52], [94, 117]], "MWMOTE,4,isolet": [[1499, 0], [60, 0]], "SMOTE,0.0001,isolet": [[1499, 0], [47, 13]], "vSVM,0.01,letter": [[19075, 136], [395, 394]], "EasyEnsemble,0.1,mf-zer": [[1756, 44], [2, 198]], "EasyEnsemble,1e-05,pima": [[311, 189], [42, 226]], "SMOTE,1e-06,isolet": [[1499, 0], [60, 0]], "SMOTE,1,mf-mor": [[1800, 0], [3, 197]], "SMOTE,8,letter": [[19211, 0], [722, 67]], "vSVM,8,abalone": [[3909, 7], [261, 0]], "vSVM,1e-07,letter": [[17852, 1359], [320, 469]], "SMOTE,1e-07,sat": [[1789, 0], [211, 0]], "MWMOTE,0.01,mf-mor": [[1800, 0], [3, 197]], "SMOTE,4,mf-mor": [[1799, 1], [3, 197]], "SMOTE,1e-06,abalone": [[3916, 0], [261, 0]], "vSVM,8,sat": [[1789, 0], [211, 0]], "EasyEnsemble,2,pima": [[284, 216], [10, 258]], "vSVM,4,isolet": [[1499, 0], [60, 0]], "SVC,0.0001,letter": [[19211, 0], [789, 0]], "EasyEnsemble,0.001,isolet": [[1417, 82], [0, 60]], "vSVM,2,letter": [[19211, 0], [711, 78]], "vSVM,2,mf-zer": [[1800, 0], [200, 0]], "SVC,0.0001,mf-zer": [[1800, 0], [200, 0]], "SVC,16,pima": [[500, 0], [268, 0]], "SVC,1e-05,abalone": [[3916, 0], [261, 0]], "MWMOTE,1e-08,abalone": [[3916, 0], [261, 0]], "SVC,0.0001,abalone": [[3916, 0], [261, 0]], "EasyEnsemble,8,abalone": [[2008, 1908], [3, 258]], "EasyEnsemble,4,abalone": [[2444, 1472], [7, 254]], "SVC,1e-06,abalone": [[3916, 0], [261, 0]], "MWMOTE,1e-05,letter": [[19211, 0], [789, 0]], "SMOTE,4,abalone": [[3774, 142], [199, 62]], "MWMOTE,8,mf-zer": [[1800, 0], [200, 0]], "SVC,0.1,isolet": [[1499, 0], [60, 0]], "SVC,8,abalone": [[3914, 2], [260, 1]], "MWMOTE,1,mf-mor": [[1800, 0], [3, 197]], "EasyEnsemble,0.0001,mf-zer": [[1501, 299], [4, 196]], "SMOTE,0.001,letter": [[19122, 89], [97, 692]], "SVC,32,pima": [[500, 0], [268, 0]], "vSVM,32,letter": [[19211, 0], [759, 30]], "vSVM,1e-06,letter": [[19053, 158], [439, 350]], "SMOTE,1e-05,mf-mor": [[1800, 0], [200, 0]], "MWMOTE,8,mf-mor": [[1800, 0], [3, 197]], "vSVM,1e-06,isolet": [[1467, 32], [36, 24]], "EasyEnsemble,8,letter": [[19211, 0], [126, 663]], "EasyEnsemble,1e-08,isolet": [[1272, 227], [0, 60]], "MWMOTE,8,pima": [[52, 448], [7, 261]], "SVC,1e-07,letter": [[19211, 0], [789, 0]], "MWMOTE,0.0001,mf-zer": [[1742, 58], [7, 193]], "MWMOTE,8,isolet": [[1499, 0], [60, 0]], "MWMOTE,2,abalone": [[3730, 186], [164, 97]], "SMOTE,8,abalone": [[3826, 90], [231, 30]], "SVC,16,mf-zer": [[1800, 0], [200, 0]], "vSVM,16,letter": [[19211, 0], [768, 21]], "MWMOTE,32,pima": [[0, 500], [0, 268]], "SVC,4,mf-zer": [[1800, 0], [200, 0]], "MWMOTE,0.1,abalone": [[3704, 212], [116, 145]], "vSVM,32,mf-mor": [[1800, 0], [108, 92]], "vSVM,8,mf-mor": [[1800, 0], [100, 100]], "MWMOTE,1e-08,isolet": [[1499, 0], [60, 0]], "MWMOTE,16,mf-zer": [[1800, 0], [200, 0]], "vSVM,0.001,mf-mor": [[1800, 0], [106, 94]], "SVC,1e-05,isolet": [[1499, 0], [60, 0]], "vSVM,1e-05,mf-zer": [[1799, 1], [103, 97]], "MWMOTE,32,isolet": [[1499, 0], [60, 0]], "EasyEnsemble,0.01,pima": [[378, 122], [71, 197]], "MWMOTE,0.001,letter": [[19088, 123], [94, 695]], "SVC,2,isolet": [[1499, 0], [60, 0]], "MWMOTE,2,pima": [[417, 83], [168, 100]], "SMOTE,1e-06,mf-mor": [[1800, 0], [200, 0]], "MWMOTE,8,letter": [[19211, 0], [739, 50]], "SVC,1,mf-mor": [[1800, 0], [3, 197]], "SMOTE,0.1,mf-zer": [[1797, 3], [17, 183]], "EasyEnsemble,2,sat": [[1692, 97], [28, 183]], "EasyEnsemble,1e-08,letter": [[15607, 3604], [84, 705]], "EasyEnsemble,1e-07,mf-zer": [[1285, 515], [3, 197]], "vSVM,1,sat": [[1787, 2], [170, 41]], "SVC,1,isolet": [[1499, 0], [60, 0]], "SMOTE,1e-05,isolet": [[1499, 0], [60, 0]], "SMOTE,0.1,pima": [[296, 204], [29, 239]], "EasyEnsemble,0.001,mf-mor": [[1109, 691], [3, 197]], "EasyEnsemble,0.01,sat": [[1155, 634], [0, 211]], "MWMOTE,1e-05,mf-zer": [[1800, 0], [200, 0]], "EasyEnsemble,1e-08,abalone": [[2665, 1251], [95, 166]], "MWMOTE,0.1,mf-zer": [[1798, 2], [15, 185]], "SMOTE,1,mf-zer": [[1800, 0], [200, 0]], "vSVM,1e-05,sat": [[1733, 56], [93, 118]], "SVC,16,abalone": [[3916, 0], [261, 0]], "EasyEnsemble,8,mf-mor": [[1798, 2], [2, 198]], "SMOTE,1e-06,pima": [[0, 500], [0, 268]], "MWMOTE,0.001,pima": [[8, 492], [1, 267]], "EasyEnsemble,1,sat": [[1521, 268], [9, 202]], "SVC,0.01,pima": [[451, 49], [128, 140]], "vSVM,0.0001,mf-zer": [[1800, 0], [100, 100]], "SVC,0.0001,mf-mor": [[1800, 0], [200, 0]], "SMOTE,32,pima": [[0, 500], [0, 268]], "EasyEnsemble,0.1,abalone": [[2996, 920], [38, 223]], "vSVM,1e-07,isolet": [[1307, 192], [19, 41]], "SMOTE,0.1,isolet": [[1499, 0], [60, 0]], "SVC,8,letter": [[19211, 0], [735, 54]], "SVC,2,mf-zer": [[1800, 0], [200, 0]], "MWMOTE,4,mf-mor": [[1800, 0], [3, 197]], "vSVM,32,abalone": [[3916, 0], [261, 0]], "SMOTE,0.001,pima": [[64, 436], [3, 265]], "vSVM,0.1,sat": [[1732, 57], [97, 114]], "MWMOTE,0.001,mf-zer": [[1791, 9], [6, 194]], "vSVM,16,abalone": [[3916, 0], [261, 0]], "MWMOTE,1,sat": [[1782, 7], [78, 133]], "SMOTE,1e-07,mf-zer": [[1800, 0], [200, 0]], "MWMOTE,16,mf-mor": [[1800, 0], [4, 196]], "EasyEnsemble,16,abalone": [[1277, 2639], [2, 259]], "SVC,32,abalone": [[3916, 0], [261, 0]], "SVC,1e-06,isolet": [[1499, 0], [60, 0]], "vSVM,0.0001,abalone": [[2809, 1107], [130, 131]], "SMOTE,0.01,pima": [[265, 235], [22, 246]], "SVC,16,letter": [[19211, 0], [738, 51]], "SVC,1e-07,mf-mor": [[1800, 0], [200, 0]], "vSVM,0.0001,mf-mor": [[1800, 0], [101, 99]], "MWMOTE,0.1,pima": [[289, 211], [32, 236]], "SVC,0.0001,isolet": [[1499, 0], [60, 0]], "MWMOTE,1e-06,pima": [[0, 500], [0, 268]], "vSVM,0.1,letter": [[19195, 16], [394, 395]], "SMOTE,0.01,mf-zer": [[1795, 5], [6, 194]], "EasyEnsemble,1e-08,mf-zer": [[1219, 581], [3, 197]], "MWMOTE,1e-06,isolet": [[1499, 0], [60, 0]], "vSVM,8,pima": [[500, 0], [268, 0]], "SVC,8,sat": [[1789, 0], [211, 0]], "SMOTE,1e-07,letter": [[19211, 0], [789, 0]], "vSVM,1e-07,sat": [[1428, 361], [22, 189]], "EasyEnsemble,1e-06,abalone": [[2659, 1257], [96, 165]], "MWMOTE,1e-07,pima": [[0, 500], [0, 268]], "MWMOTE,1e-07,isolet": [[1499, 0], [60, 0]], "vSVM,1e-06,abalone": [[2618, 1298], [117, 144]], "EasyEnsemble,1e-08,mf-mor": [[810, 990], [3, 197]], "MWMOTE,0.0001,letter": [[19016, 195], [98, 691]], "SVC,0.1,mf-mor": [[1800, 0], [3, 197]], "EasyEnsemble,0.1,pima": [[379, 121], [56, 212]], "vSVM,1,pima": [[487, 13], [258, 10]], "SMOTE,4,isolet": [[1499, 0], [60, 0]], "EasyEnsemble,16,pima": [[38, 462], [0, 268]], "SMOTE,2,letter": [[19211, 0], [376, 413]], "SMOTE,2,mf-zer": [[1800, 0], [200, 0]], "MWMOTE,1e-06,sat": [[1789, 0], [211, 0]], "MWMOTE,32,mf-zer": [[1800, 0], [200, 0]], "EasyEnsemble,1e-07,sat": [[284, 1505], [0, 211]], "MWMOTE,1e-06,abalone": [[3916, 0], [261, 0]]}