{"vSVM,0.0001,uair": [[26892, 2025], [1860, 2127]], "vSVM,1,letter": [[19211, 0], [537, 252]], "EasyEnsemble,1,mf-mor": [[1784, 16], [3, 197]], "SVC,1e-05,pima": [[500, 0], [268, 0]], "vSVM,4,abalone": [[3794, 122], [236, 25]], "SMOTE,0.1,uair": [[27854, 1063], [886, 3101]], "SMOTE,0.01,mf-mor": [[1800, 0], [3, 197]], "EasyEnsemble,0.001,letter": [[18413, 798], [86, 703]], "EasyEnsemble,1e-06,mf-zer": [[1379, 421], [4, 196]], "vSVM,2,pima": [[500, 0], [268, 0]], "EasyEnsemble,8,uair": [[28877, 40], [3851, 136]], "SMOTE,16,uair": [[28917, 0], [3986, 1]], "SVC,2,mf-mor": [[1800, 0], [3, 197]], "EasyEnsemble,8,sat": [[30, 1759], [0, 211]], "EasyEnsemble,32,mf-mor": [[1800, 0], [3, 197]], "EasyEnsemble,0.0001,isolet": [[1278, 221], [0, 60]], "SMOTE,4,sat": [[1789, 0], [211, 0]], "SVC,0.01,abalone": [[3916, 0], [261, 0]], "EasyEnsemble,32,sat": [[0, 1789], [0, 211]], "SMOTE,1e-05,abalone": [[3916, 0], [261, 0]], "EasyEnsemble,0.1,uair": [[24741, 4176], [73, 3914]], "SMOTE,1e-06,letter": [[19211, 0], [789, 0]], "EasyEnsemble,1e-07,uair": [[25317, 3600], [82, 3905]], "EasyEnsemble,1e-06,pima": [[300, 200], [39, 229]], "SVC,1e-08,pima": [[500, 0], [268, 0]], "SMOTE,2,abalone": [[3732, 184], [167, 94]], "EasyEnsemble,2,uair": [[11834, 17083], [18, 3969]], "SMOTE,1,uair": [[28721, 196], [3183, 804]], "MWMOTE,1e-07,letter": [[19211, 0], [789, 0]], "SMOTE,0.0001,letter": [[19032, 179], [97, 692]], "SMOTE,0.001,mf-mor": [[1800, 0], [3, 197]], "MWMOTE,1e-05,isolet": [[1499, 0], [60, 0]], "MWMOTE,0.0001,abalone": [[3916, 0], [261, 0]], "MWMOTE,8,uair": [[28915, 2], [3985, 2]], "EasyEnsemble,0.001,pima": [[384, 116], [83, 185]], "SMOTE,1e-06,uair": [[28917, 0], [3987, 0]], "SMOTE,0.001,uair": [[27141, 1776], [189, 3798]], "SVC,2,sat": [[1788, 1], [157, 54]], "EasyEnsemble,32,letter": [[19211, 0], [138, 651]], "SMOTE,8,mf-mor": [[1800, 0], [3, 197]], "EasyEnsemble,1e-07,abalone": [[2657, 1259], [92, 169]], "SVC,32,uair": [[28917, 0], [3987, 0]], "EasyEnsemble,1e-05,abalone": [[2656, 1260], [92, 169]], "SMOTE,32,mf-zer": [[1800, 0], [200, 0]], "vSVM,4,uair": [[28917, 0], [3987, 0]], "MWMOTE,0.1,letter": [[19204, 7], [7, 782]], "MWMOTE,4,sat": [[1789, 0], [211, 0]], "SMOTE,1e-05,mf-zer": [[1800, 0], [200, 0]], "vSVM,2,sat": [[1789, 0], [208, 3]], "EasyEnsemble,0.001,uair": [[25521, 3396], [78, 3909]], "EasyEnsemble,8,pima": [[140, 360], [3, 265]], "SVC,0.001,letter": [[19166, 45], [124, 665]], "vSVM,1e-05,pima": [[306, 194], [138, 130]], "SVC,2,letter": [[19211, 0], [444, 345]], "vSVM,2,mf-mor": [[1800, 0], [99, 101]], "vSVM,0.001,pima": [[304, 196], [131, 137]], "MWMOTE,16,sat": [[1789, 0], [211, 0]], "MWMOTE,1,mf-mor": [[1800, 0], [3, 197]], "SVC,4,letter": [[19211, 0], [682, 107]], "SMOTE,0.001,abalone": [[3912, 4], [251, 10]], "EasyEnsemble,1e-08,pima": [[316, 184], [47, 221]], "EasyEnsemble,1e-06,sat": [[284, 1505], [0, 211]], "MWMOTE,1e-06,mf-zer": [[1800, 0], [200, 0]], "vSVM,1e-07,uair": [[27153, 1764], [2202, 1785]], "vSVM,1e-08,letter": [[13086, 6125], [204, 585]], "SVC,1e-08,abalone": [[3916, 0], [261, 0]], "SMOTE,0.01,abalone": [[3799, 117], [155, 106]], "MWMOTE,1e-05,mf-mor": [[1800, 0], [200, 0]], "vSVM,0.0001,isolet": [[1473, 26], [36, 24]], "vSVM,32,sat": [[1789, 0], [211, 0]], "SMOTE,0.0001,pima": [[0, 500], [0, 268]], "vSVM,4,sat": [[1789, 0], [211, 0]], "MWMOTE,1e-07,mf-zer": [[1800, 0], [200, 0]], "EasyEnsemble,1e-05,letter": [[15542, 3669], [83, 706]], "MWMOTE,0.0001,pima": [[0, 500], [0, 268]], "vSVM,1e-07,mf-mor": [[929, 871], [85, 115]], "SVC,1e-07,mf-zer": [[1800, 0], [200, 0]], "MWMOTE,0.001,mf-mor": [[1800, 0], [3, 197]], "EasyEnsemble,0.01,uair": [[25451, 3466], [76, 3911]], "EasyEnsemble,1e-05,mf-mor": [[794, 1006], [3, 197]], "EasyEnsemble,2,letter": [[19211, 0], [86, 703]], "SVC,1,mf-zer": [[1800, 0], [200, 0]], "vSVM,4,letter": [[19211, 0], [767, 22]], "vSVM,0.001,abalone": [[2815, 1101], [129, 132]], "vSVM,32,uair": [[28917, 0], [3987, 0]], "MWMOTE,2,sat": [[1788, 1], [148, 63]], "vSVM,0.001,mf-zer": [[1799, 1], [101, 99]], "vSVM,1e-05,uair": [[26888, 2029], [1860, 2127]], "MWMOTE,32,letter": [[19211, 0], [734, 55]], "SMOTE,16,abalone": [[3877, 39], [254, 7]], "SMOTE,1e-08,uair": [[28917, 0], [3987, 0]], "vSVM,8,isolet": [[1499, 0], [60, 0]], "vSVM,0.01,sat": [[1735, 54], [92, 119]], "vSVM,1e-07,pima": [[220, 280], [96, 172]], "SMOTE,32,abalone": [[3906, 10], [260, 1]], "SVC,0.1,pima": [[437, 63], [120, 148]], "SVC,1,sat": [[1782, 7], [90, 121]], "EasyEnsemble,1e-08,sat": [[285, 1504], [0, 211]], "MWMOTE,0.01,sat": [[1598, 191], [34, 177]], "SMOTE,0.01,isolet": [[1499, 0], [5, 55]], "EasyEnsemble,1e-07,letter": [[15700, 3511], [85, 704]], "EasyEnsemble,16,mf-mor": [[1800, 0], [1, 199]], "vSVM,0.01,pima": [[305, 195], [136, 132]], "SMOTE,0.0001,abalone": [[3916, 0], [261, 0]], "SMOTE,4,mf-zer": [[1800, 0], [200, 0]], "vSVM,1e-08,mf-zer": [[909, 891], [6, 194]], "MWMOTE,2,mf-mor": [[1800, 0], [3, 197]], "vSVM,1e-05,letter": [[19005, 206], [398, 391]], "EasyEnsemble,1e-05,isolet": [[1275, 224], [0, 60]], "EasyEnsemble,0.0001,uair": [[24522, 4395], [51, 3936]], "vSVM,0.01,mf-zer": [[1799, 1], [101, 99]], "EasyEnsemble,1e-07,mf-mor": [[789, 1011], [3, 197]], "SVC,0.01,mf-zer": [[1797, 3], [10, 190]], "MWMOTE,1e-08,pima": [[0, 500], [0, 268]], "SMOTE,0.1,letter": [[19205, 6], [13, 776]], "vSVM,1e-06,mf-zer": [[1800, 0], [110, 90]], "EasyEnsemble,1,letter": [[19210, 1], [21, 768]], "SVC,0.01,isolet": [[1499, 0], [5, 55]], "SMOTE,16,isolet": [[1499, 0], [60, 0]], "EasyEnsemble,16,uair": [[28911, 6], [3961, 26]], "EasyEnsemble,0.001,sat": [[803, 986], [1, 210]], "vSVM,0.001,isolet": [[1473, 26], [36, 24]], "MWMOTE,8,sat": [[1789, 0], [211, 0]], "SMOTE,1,pima": [[346, 154], [81, 187]], "EasyEnsemble,1e-06,uair": [[25317, 3600], [82, 3905]], "SVC,0.0001,pima": [[500, 0], [268, 0]], "SMOTE,1e-08,sat": [[1789, 0], [211, 0]], "vSVM,0.1,mf-mor": [[1800, 0], [103, 97]], "MWMOTE,1e-08,letter": [[19211, 0], [789, 0]], "SMOTE,1e-07,isolet": [[1499, 0], [60, 0]], "vSVM,0.0001,sat": [[1736, 53], [93, 118]], "SVC,1e-08,mf-mor": [[1800, 0], [200, 0]], "vSVM,1e-08,pima": [[18, 482], [16, 252]], "MWMOTE,1e-07,abalone": [[3916, 0], [261, 0]], "SMOTE,1,letter": [[19211, 0], [152, 637]], "MWMOTE,16,letter": [[19211, 0], [734, 55]], "SVC,16,mf-mor": [[1800, 0], [4, 196]], "SVC,0.001,uair": [[28181, 736], [527, 3460]], "vSVM,0.01,mf-mor": [[1800, 0], [95, 105]], "vSVM,32,pima": [[500, 0], [268, 0]], "SMOTE,2,sat": [[1788, 1], [149, 62]], "EasyEnsemble,2,mf-mor": [[1785, 15], [1, 199]], "SVC,1e-07,pima": [[500, 0], [268, 0]], "vSVM,16,uair": [[28917, 0], [3987, 0]], "SVC,32,mf-mor": [[1800, 0], [8, 192]], "EasyEnsemble,0.1,sat": [[1148, 641], [1, 210]], "vSVM,8,uair": [[28917, 0], [3987, 0]], "SVC,0.1,sat": [[1750, 39], [55, 156]], "vSVM,1e-05,abalone": [[2902, 1014], [139, 122]], "SMOTE,0.0001,isolet": [[1499, 0], [47, 13]], "SMOTE,8,pima": [[18, 482], [3, 265]], "EasyEnsemble,1e-06,letter": [[15550, 3661], [84, 705]], "vSVM,2,abalone": [[3503, 413], [189, 72]], "MWMOTE,16,uair": [[28917, 0], [3986, 1]], "SMOTE,8,uair": [[28914, 3], [3984, 3]], "EasyEnsemble,32,pima": [[211, 289], [51, 217]], "MWMOTE,1e-06,letter": [[19211, 0], [789, 0]], "MWMOTE,0.01,mf-zer": [[1795, 5], [5, 195]], "EasyEnsemble,2,isolet": [[1499, 0], [60, 0]], "vSVM,2,uair": [[28917, 0], [3986, 1]], "vSVM,8,mf-zer": [[1800, 0], [200, 0]], "vSVM,0.0001,letter": [[19014, 197], [393, 396]], "SMOTE,8,mf-zer": [[1800, 0], [200, 0]], "vSVM,1e-08,isolet": [[1213, 286], [17, 43]], "EasyEnsemble,1e-07,isolet": [[1275, 224], [0, 60]], "SMOTE,1e-07,pima": [[0, 500], [0, 268]], "SVC,16,isolet": [[1499, 0], [60, 0]], "SVC,1e-07,sat": [[1789, 0], [211, 0]], "EasyEnsemble,4,mf-zer": [[391, 1409], [0, 200]], "vSVM,2,isolet": [[1499, 0], [60, 0]], "SVC,4,isolet": [[1499, 0], [60, 0]], "vSVM,1,isolet": [[1499, 0], [60, 0]], "MWMOTE,0.01,pima": [[219, 281], [12, 256]], "EasyEnsemble,0.01,isolet": [[1457, 42], [1, 59]], "SMOTE,16,sat": [[1789, 0], [211, 0]], "SVC,0.001,sat": [[1789, 0], [211, 0]], "MWMOTE,0.0001,sat": [[1789, 0], [211, 0]], "vSVM,32,mf-zer": [[1800, 0], [200, 0]], "SMOTE,4,uair": [[28913, 4], [3973, 14]], "EasyEnsemble,1e-08,uair": [[25314, 3603], [82, 3905]], "SVC,1e-06,sat": [[1789, 0], [211, 0]], "MWMOTE,0.01,abalone": [[3773, 143], [147, 114]], "EasyEnsemble,0.0001,abalone": [[2677, 1239], [96, 165]], "MWMOTE,1,letter": [[19211, 0], [148, 641]], "EasyEnsemble,4,pima": [[201, 299], [2, 266]], "SMOTE,2,mf-mor": [[1800, 0], [3, 197]], "SVC,4,pima": [[497, 3], [263, 5]], "SMOTE,1e-08,abalone": [[3916, 0], [261, 0]], "MWMOTE,1e-05,pima": [[0, 500], [0, 268]], "SMOTE,1e-05,pima": [[0, 500], [0, 268]], "MWMOTE,4,letter": [[19211, 0], [656, 133]], "SMOTE,1e-07,uair": [[28917, 0], [3987, 0]], "SMOTE,0.001,sat": [[1646, 143], [62, 149]], "SMOTE,0.01,letter": [[19175, 36], [94, 695]], "SVC,8,isolet": [[1499, 0], [60, 0]], "SMOTE,1e-08,letter": [[19211, 0], [789, 0]], "MWMOTE,1e-05,sat": [[1789, 0], [211, 0]], "SVC,1e-06,uair": [[28917, 0], [3987, 0]], "MWMOTE,0.0001,mf-mor": [[1800, 0], [200, 0]], "vSVM,0.0001,pima": [[303, 197], [134, 134]], "MWMOTE,1e-08,mf-mor": [[1800, 0], [200, 0]], "EasyEnsemble,32,abalone": [[768, 3148], [0, 261]], "SMOTE,1e-05,sat": [[1789, 0], [211, 0]], "SVC,1e-07,isolet": [[1499, 0], [60, 0]], "SMOTE,1e-07,abalone": [[3916, 0], [261, 0]], "SMOTE,1e-07,mf-mor": [[1800, 0], [200, 0]], "EasyEnsemble,16,sat": [[0, 1789], [0, 211]], "MWMOTE,0.01,letter": [[19114, 97], [58, 731]], "EasyEnsemble,4,sat": [[657, 1132], [4, 207]], "EasyEnsemble,0.001,abalone": [[2248, 1668], [51, 210]], "MWMOTE,1e-07,uair": [[28917, 0], [3987, 0]], "SMOTE,4,letter": [[19211, 0], [642, 147]], "MWMOTE,32,mf-mor": [[1800, 0], [6, 194]], "SMOTE,16,mf-zer": [[1800, 0], [200, 0]], "SMOTE,1e-05,uair": [[26214, 2703], [109, 3878]], "SVC,0.001,mf-zer": [[1798, 2], [18, 182]], "SMOTE,0.001,mf-zer": [[1794, 6], [7, 193]], "EasyEnsemble,0.1,mf-mor": [[1787, 13], [2, 198]], "MWMOTE,4,uair": [[28913, 4], [3972, 15]], "MWMOTE,0.1,mf-mor": [[1800, 0], [3, 197]], "EasyEnsemble,0.01,letter": [[18708, 503], [39, 750]], "SMOTE,1e-06,sat": [[1789, 0], [211, 0]], "SVC,4,abalone": [[3912, 4], [254, 7]], "SVC,0.1,letter": [[19211, 0], [58, 731]], "SMOTE,0.1,abalone": [[3721, 195], [121, 140]], "vSVM,1e-08,mf-mor": [[1003, 797], [81, 119]], "SVC,1e-07,abalone": [[3916, 0], [261, 0]], "SMOTE,8,isolet": [[1499, 0], [60, 0]], "SMOTE,16,mf-mor": [[1800, 0], [4, 196]], "SMOTE,0.01,sat": [[1604, 185], [34, 177]], "EasyEnsemble,4,mf-mor": [[1798, 2], [2, 198]], "EasyEnsemble,16,mf-zer": [[44, 1756], [0, 200]], "EasyEnsemble,0.0001,pima": [[317, 183], [44, 224]], "SMOTE,32,isolet": [[1499, 0], [60, 0]], "vSVM,0.01,isolet": [[1474, 25], [36, 24]], "SMOTE,1e-08,mf-zer": [[1800, 0], [200, 0]], "MWMOTE,4,abalone": [[3759, 157], [205, 56]], "MWMOTE,0.01,isolet": [[1499, 0], [5, 55]], "SMOTE,1e-05,letter": [[19211, 0], [789, 0]], "EasyEnsemble,16,isolet": [[0, 1499], [0, 60]], "MWMOTE,16,pima": [[0, 500], [0, 268]], "EasyEnsemble,0.1,letter": [[18965, 246], [0, 789]], "MWMOTE,1,abalone": [[3723, 193], [150, 111]], "SVC,1e-05,mf-zer": [[1800, 0], [200, 0]], "MWMOTE,0.01,uair": [[27290, 1627], [239, 3748]], "MWMOTE,0.001,sat": [[1668, 121], [67, 144]], "vSVM,1,mf-mor": [[1800, 0], [98, 102]], "vSVM,1e-06,isolet": [[1467, 32], [36, 24]], "MWMOTE,1,mf-zer": [[1800, 0], [200, 0]], "SMOTE,1e-06,mf-zer": [[1800, 0], [200, 0]], "vSVM,8,letter": [[19211, 0], [758, 31]], "SVC,0.001,pima": [[499, 1], [260, 8]], "vSVM,16,isolet": [[1499, 0], [60, 0]], "EasyEnsemble,0.0001,sat": [[520, 1269], [0, 211]], "vSVM,4,mf-mor": [[1800, 0], [100, 100]], "SMOTE,8,sat": [[1789, 0], [211, 0]], "SMOTE,0.001,isolet": [[1496, 3], [3, 57]], "MWMOTE,16,abalone": [[3876, 40], [254, 7]], "MWMOTE,16,isolet": [[1499, 0], [60, 0]], "SVC,32,mf-zer": [[1800, 0], [200, 0]], "MWMOTE,2,letter": [[19211, 0], [371, 418]], "EasyEnsemble,4,abalone": [[2441, 1475], [9, 252]], "EasyEnsemble,4,uair": [[28347, 570], [2796, 1191]], "EasyEnsemble,32,uair": [[28913, 4], [3979, 8]], "SMOTE,0.0001,sat": [[1789, 0], [211, 0]], "MWMOTE,2,mf-zer": [[1800, 0], [200, 0]], "SMOTE,0.1,mf-mor": [[1800, 0], [3, 197]], "EasyEnsemble,0.1,isolet": [[1494, 5], [37, 23]], "SVC,0.01,mf-mor": [[1800, 0], [3, 197]], "SVC,1e-06,abalone": [[3916, 0], [261, 0]], "EasyEnsemble,1e-06,isolet": [[1275, 224], [0, 60]], "vSVM,1,abalone": [[3290, 626], [155, 106]], "EasyEnsemble,1e-05,sat": [[285, 1504], [0, 211]], "SVC,0.0001,sat": [[1789, 0], [211, 0]], "vSVM,4,pima": [[500, 0], [268, 0]], "SMOTE,1,abalone": [[3721, 195], [153, 108]], "vSVM,16,pima": [[500, 0], [268, 0]], "MWMOTE,0.1,uair": [[27825, 1092], [884, 3103]], "MWMOTE,1e-07,sat": [[1789, 0], [211, 0]], "SVC,0.0001,uair": [[28476, 441], [1020, 2967]], "EasyEnsemble,4,letter": [[19211, 0], [93, 696]], "EasyEnsemble,0.01,abalone": [[2778, 1138], [41, 220]], "vSVM,0.001,letter": [[19026, 185], [403, 386]], "SMOTE,32,letter": [[19211, 0], [732, 57]], "MWMOTE,0.001,abalone": [[3915, 1], [258, 3]], "EasyEnsemble,1,isolet": [[1499, 0], [60, 0]], "SVC,32,isolet": [[1499, 0], [60, 0]], "vSVM,1e-05,mf-mor": [[1800, 0], [109, 91]], "SVC,1e-08,isolet": [[1499, 0], [60, 0]], "MWMOTE,1,uair": [[28719, 198], [3176, 811]], "SVC,0.01,sat": [[1789, 0], [211, 0]], "EasyEnsemble,8,isolet": [[295, 1204], [0, 60]], "MWMOTE,0.1,sat": [[1698, 91], [19, 192]], "MWMOTE,1,isolet": [[1499, 0], [60, 0]], "MWMOTE,8,abalone": [[3831, 85], [233, 28]], "EasyEnsemble,0.0001,letter": [[17175, 2036], [86, 703]], "SVC,8,mf-mor": [[1800, 0], [3, 197]], "SMOTE,2,uair": [[28886, 31], [3884, 103]], "MWMOTE,2,isolet": [[1499, 0], [60, 0]], "SVC,4,sat": [[1789, 0], [211, 0]], "SMOTE,1e-08,isolet": [[1499, 0], [60, 0]], "SVC,0.001,isolet": [[1499, 0], [28, 32]], "SMOTE,16,letter": [[19211, 0], [744, 45]], "SVC,4,uair": [[28917, 0], [3985, 2]], "SVC,1e-08,sat": [[1789, 0], [211, 0]], "SVC,1,letter": [[19211, 0], [173, 616]], "SVC,0.001,mf-mor": [[1800, 0], [200, 0]], "SMOTE,2,isolet": [[1499, 0], [60, 0]], "MWMOTE,1e-05,abalone": [[3916, 0], [261, 0]], "SMOTE,1,isolet": [[1499, 0], [60, 0]], "SMOTE,32,mf-mor": [[1800, 0], [6, 194]], "EasyEnsemble,2,abalone": [[2706, 1210], [14, 247]], "SMOTE,4,pima": [[197, 303], [30, 238]], "EasyEnsemble,2,mf-zer": [[1, 1799], [0, 200]], "SMOTE,0.01,uair": [[27465, 1452], [268, 3719]], "MWMOTE,1e-08,mf-zer": [[1800, 0], [200, 0]], "SVC,1e-06,mf-mor": [[1800, 0], [200, 0]], "SVC,1e-05,letter": [[19211, 0], [789, 0]], "SVC,1e-06,letter": [[19211, 0], [789, 0]], "SMOTE,2,pima": [[340, 160], [65, 203]], "SVC,32,sat": [[1789, 0], [211, 0]], "EasyEnsemble,32,mf-zer": [[0, 1800], [0, 200]], "vSVM,1e-06,mf-mor": [[1800, 0], [35, 165]], "EasyEnsemble,0.01,mf-mor": [[1235, 565], [3, 197]], "SVC,8,uair": [[28917, 0], [3987, 0]], "SMOTE,1e-08,pima": [[0, 500], [0, 268]], "EasyEnsemble,1e-05,mf-zer": [[1345, 455], [4, 196]], "EasyEnsemble,0.0001,mf-mor": [[819, 981], [3, 197]], "vSVM,0.1,mf-zer": [[1800, 0], [116, 84]], "vSVM,1e-08,abalone": [[1156, 2760], [20, 241]], "SVC,1e-06,pima": [[500, 0], [268, 0]], "SVC,1e-06,mf-zer": [[1800, 0], [200, 0]], "SVC,1e-05,mf-mor": [[1800, 0], [200, 0]], "SMOTE,16,pima": [[0, 500], [0, 268]], "SMOTE,1,sat": [[1782, 7], [82, 129]], "MWMOTE,32,sat": [[1789, 0], [211, 0]], "EasyEnsemble,16,letter": [[19211, 0], [131, 658]], "SVC,1e-08,letter": [[19211, 0], [789, 0]], "EasyEnsemble,1,pima": [[341, 159], [25, 243]], "vSVM,1e-05,isolet": [[1473, 26], [36, 24]], "SVC,1,uair": [[28862, 55], [3562, 425]], "vSVM,0.1,pima": [[321, 179], [143, 125]], "vSVM,16,sat": [[1789, 0], [211, 0]], "SVC,16,sat": [[1789, 0], [211, 0]], "MWMOTE,32,abalone": [[3906, 10], [259, 2]], "EasyEnsemble,0.001,mf-zer": [[1587, 213], [4, 196]], "MWMOTE,4,pima": [[399, 101], [200, 68]], "MWMOTE,32,mf-zer": [[1800, 0], [200, 0]], "vSVM,1e-06,pima": [[324, 176], [166, 102]], "SVC,0.1,abalone": [[3914, 2], [249, 12]], "SVC,16,uair": [[28917, 0], [3987, 0]], "vSVM,1,mf-zer": [[1800, 0], [200, 0]], "EasyEnsemble,1e-07,pima": [[304, 196], [41, 227]], "EasyEnsemble,0.01,mf-zer": [[1615, 185], [1, 199]], "MWMOTE,4,mf-zer": [[1800, 0], [200, 0]], "vSVM,1e-06,sat": [[1691, 98], [68, 143]], "SVC,1,pima": [[437, 63], [170, 98]], "MWMOTE,32,uair": [[28917, 0], [3986, 1]], "MWMOTE,1e-08,sat": [[1789, 0], [211, 0]], "vSVM,1e-07,abalone": [[1516, 2400], [60, 201]], "SMOTE,32,sat": [[1789, 0], [211, 0]], "SMOTE,0.0001,mf-zer": [[1759, 41], [9, 191]], "MWMOTE,0.001,isolet": [[1497, 2], [3, 57]], "EasyEnsemble,1,abalone": [[2871, 1045], [24, 237]], "EasyEnsemble,1e-06,mf-mor": [[801, 999], [3, 197]], "SVC,1,abalone": [[3902, 14], [248, 13]], "MWMOTE,0.0001,isolet": [[1499, 0], [49, 11]], "SVC,8,mf-zer": [[1800, 0], [200, 0]], "EasyEnsemble,32,isolet": [[0, 1499], [0, 60]], "EasyEnsemble,8,mf-zer": [[27, 1773], [0, 200]], "MWMOTE,2,uair": [[28885, 32], [3879, 108]], "MWMOTE,0.1,isolet": [[1499, 0], [60, 0]], "vSVM,16,mf-zer": [[1800, 0], [200, 0]], "vSVM,0.1,isolet": [[1499, 0], [60, 0]], "SVC,0.001,abalone": [[3916, 0], [261, 0]], "SVC,2,pima": [[480, 20], [246, 22]], "SVC,1e-05,sat": [[1789, 0], [211, 0]], "vSVM,0.1,abalone": [[2954, 962], [132, 129]], "SMOTE,1e-08,mf-mor": [[1800, 0], [200, 0]], "SVC,32,letter": [[19211, 0], [732, 57]], "SMOTE,0.1,sat": [[1695, 94], [19, 192]], "MWMOTE,1e-07,mf-mor": [[1800, 0], [200, 0]], "vSVM,16,mf-mor": [[1800, 0], [99, 101]], "vSVM,1e-07,mf-zer": [[1522, 278], [34, 166]], "SVC,1e-07,mf-mor": [[1800, 0], [200, 0]], "vSVM,32,isolet": [[1499, 0], [60, 0]], "EasyEnsemble,1,mf-zer": [[1800, 0], [24, 176]], "MWMOTE,1e-06,mf-mor": [[1800, 0], [200, 0]], "EasyEnsemble,4,isolet": [[1499, 0], [60, 0]], "SVC,0.1,mf-zer": [[1798, 2], [18, 182]], "MWMOTE,1,pima": [[353, 147], [101, 167]], "SMOTE,0.0001,mf-mor": [[1800, 0], [200, 0]], "SVC,1e-08,mf-zer": [[1800, 0], [200, 0]], "vSVM,0.001,sat": [[1737, 52], [94, 117]], "MWMOTE,4,isolet": [[1499, 0], [60, 0]], "vSVM,0.01,letter": [[19075, 136], [396, 393]], "MWMOTE,1e-08,uair": [[28917, 0], [3987, 0]], "EasyEnsemble,0.1,mf-zer": [[1750, 50], [2, 198]], "EasyEnsemble,1e-05,pima": [[321, 179], [43, 225]], "SMOTE,1e-06,isolet": [[1499, 0], [60, 0]], "SMOTE,1,mf-mor": [[1800, 0], [3, 197]], "SMOTE,8,letter": [[19211, 0], [723, 66]], "vSVM,8,abalone": [[3910, 6], [261, 0]], "vSVM,1e-07,letter": [[16254, 2957], [197, 592]], "SMOTE,1e-07,sat": [[1789, 0], [211, 0]], "MWMOTE,0.01,mf-mor": [[1800, 0], [3, 197]], "SMOTE,4,mf-mor": [[1800, 0], [3, 197]], "SMOTE,1e-06,abalone": [[3916, 0], [261, 0]], "vSVM,8,sat": [[1789, 0], [211, 0]], "EasyEnsemble,2,pima": [[288, 212], [15, 253]], "vSVM,4,isolet": [[1499, 0], [60, 0]], "SVC,0.0001,letter": [[19211, 0], [789, 0]], "EasyEnsemble,0.001,isolet": [[1417, 82], [0, 60]], "vSVM,2,letter": [[19211, 0], [710, 79]], "vSVM,2,mf-zer": [[1800, 0], [200, 0]], "SVC,0.0001,mf-zer": [[1800, 0], [200, 0]], "SVC,16,pima": [[500, 0], [268, 0]], "SVC,1e-05,abalone": [[3916, 0], [261, 0]], "MWMOTE,1e-08,abalone": [[3916, 0], [261, 0]], "SVC,0.0001,abalone": [[3916, 0], [261, 0]], "EasyEnsemble,8,abalone": [[1991, 1925], [3, 258]], "SVC,2,abalone": [[3900, 16], [246, 15]], "SVC,0.01,letter": [[19197, 14], [107, 682]], "SMOTE,0.0001,uair": [[26747, 2170], [151, 3836]], "MWMOTE,1e-06,uair": [[28917, 0], [3987, 0]], "vSVM,1e-06,uair": [[26941, 1976], [1911, 2076]], "MWMOTE,1e-05,letter": [[19211, 0], [789, 0]], "SMOTE,4,abalone": [[3767, 149], [198, 63]], "vSVM,0.1,uair": [[27818, 1099], [2369, 1618]], "MWMOTE,8,mf-zer": [[1800, 0], [200, 0]], "SVC,0.1,isolet": [[1499, 0], [60, 0]], "SVC,8,abalone": [[3911, 5], [259, 2]], "SVC,1e-07,uair": [[28917, 0], [3987, 0]], "EasyEnsemble,0.0001,mf-zer": [[1532, 268], [4, 196]], "SMOTE,0.001,letter": [[19118, 93], [97, 692]], "SVC,32,pima": [[500, 0], [268, 0]], "vSVM,32,letter": [[19211, 0], [768, 21]], "vSVM,1e-06,letter": [[19023, 188], [426, 363]], "SVC,1e-08,uair": [[28917, 0], [3987, 0]], "SMOTE,1e-05,mf-mor": [[1800, 0], [200, 0]], "MWMOTE,8,mf-mor": [[1800, 0], [3, 197]], "MWMOTE,0.001,uair": [[27030, 1887], [179, 3808]], "vSVM,1,uair": [[28915, 2], [3982, 5]], "SVC,4,mf-mor": [[1800, 0], [3, 197]], "EasyEnsemble,8,letter": [[19211, 0], [118, 671]], "SVC,2,uair": [[28914, 3], [3975, 12]], "EasyEnsemble,1e-08,isolet": [[1272, 227], [0, 60]], "MWMOTE,8,pima": [[125, 375], [67, 201]], "SVC,0.01,uair": [[28229, 688], [552, 3435]], "SVC,1e-07,letter": [[19211, 0], [789, 0]], "MWMOTE,0.0001,mf-zer": [[1745, 55], [7, 193]], "MWMOTE,8,isolet": [[1499, 0], [60, 0]], "MWMOTE,2,abalone": [[3718, 198], [172, 89]], "SMOTE,8,abalone": [[3832, 84], [229, 32]], "SVC,16,mf-zer": [[1800, 0], [200, 0]], "vSVM,16,letter": [[19211, 0], [764, 25]], "MWMOTE,32,pima": [[0, 500], [0, 268]], "SVC,4,mf-zer": [[1800, 0], [200, 0]], "MWMOTE,0.1,abalone": [[3702, 214], [123, 138]], "vSVM,32,mf-mor": [[1800, 0], [109, 91]], "vSVM,0.001,uair": [[26906, 2011], [1862, 2125]], "vSVM,8,mf-mor": [[1800, 0], [102, 98]], "vSVM,0.01,uair": [[26997, 1920], [1902, 2085]], "MWMOTE,1e-08,isolet": [[1499, 0], [60, 0]], "MWMOTE,16,mf-zer": [[1800, 0], [200, 0]], "EasyEnsemble,1e-05,uair": [[24672, 4245], [59, 3928]], "MWMOTE,0.1,mf-zer": [[1799, 1], [14, 186]], "vSVM,0.001,mf-mor": [[1800, 0], [94, 106]], "SVC,1e-05,isolet": [[1499, 0], [60, 0]], "vSVM,1e-05,mf-zer": [[1800, 0], [103, 97]], "MWMOTE,32,isolet": [[1499, 0], [60, 0]], "EasyEnsemble,0.01,pima": [[381, 119], [76, 192]], "MWMOTE,0.001,letter": [[19085, 126], [94, 695]], "SVC,2,isolet": [[1499, 0], [60, 0]], "MWMOTE,2,pima": [[420, 80], [173, 95]], "SMOTE,1e-06,mf-mor": [[1800, 0], [200, 0]], "MWMOTE,8,letter": [[19211, 0], [727, 62]], "SVC,1,mf-mor": [[1800, 0], [3, 197]], "SMOTE,0.1,mf-zer": [[1797, 3], [17, 183]], "EasyEnsemble,2,sat": [[1692, 97], [28, 183]], "EasyEnsemble,1e-08,letter": [[15675, 3536], [84, 705]], "EasyEnsemble,1e-08,mf-mor": [[824, 976], [3, 197]], "vSVM,1,sat": [[1787, 2], [170, 41]], "SVC,1,isolet": [[1499, 0], [60, 0]], "SMOTE,1e-05,isolet": [[1499, 0], [60, 0]], "SMOTE,0.1,pima": [[298, 202], [30, 238]], "EasyEnsemble,0.001,mf-mor": [[1109, 691], [3, 197]], "EasyEnsemble,0.01,sat": [[1155, 634], [0, 211]], "MWMOTE,1e-05,mf-zer": [[1800, 0], [200, 0]], "EasyEnsemble,1e-08,abalone": [[2661, 1255], [93, 168]], "vSVM,0.01,abalone": [[2829, 1087], [137, 124]], "SMOTE,1,mf-zer": [[1800, 0], [200, 0]], "vSVM,1e-05,sat": [[1733, 56], [93, 118]], "SVC,16,abalone": [[3916, 0], [261, 0]], "EasyEnsemble,8,mf-mor": [[1796, 4], [0, 200]], "SMOTE,1e-06,pima": [[0, 500], [0, 268]], "MWMOTE,0.001,pima": [[10, 490], [0, 268]], "EasyEnsemble,1,uair": [[18219, 10698], [32, 3955]], "EasyEnsemble,1,sat": [[1521, 268], [9, 202]], "SVC,0.01,pima": [[450, 50], [121, 147]], "vSVM,0.0001,mf-zer": [[1799, 1], [100, 100]], "SVC,0.0001,mf-mor": [[1800, 0], [200, 0]], "SMOTE,32,pima": [[0, 500], [0, 268]], "EasyEnsemble,0.1,abalone": [[3048, 868], [40, 221]], "SMOTE,0.1,isolet": [[1499, 0], [60, 0]], "SVC,8,letter": [[19211, 0], [736, 53]], "SVC,2,mf-zer": [[1800, 0], [200, 0]], "MWMOTE,4,mf-mor": [[1800, 0], [3, 197]], "vSVM,32,abalone": [[3916, 0], [261, 0]], "SMOTE,0.001,pima": [[68, 432], [3, 265]], "vSVM,1e-08,sat": [[1439, 350], [22, 189]], "vSVM,0.1,sat": [[1732, 57], [97, 114]], "vSVM,1e-08,uair": [[24907, 4010], [1377, 2610]], "MWMOTE,0.001,mf-zer": [[1790, 10], [6, 194]], "vSVM,16,abalone": [[3916, 0], [261, 0]], "MWMOTE,1,sat": [[1781, 8], [80, 131]], "SMOTE,1e-07,mf-zer": [[1800, 0], [200, 0]], "MWMOTE,16,mf-mor": [[1800, 0], [3, 197]], "SVC,8,pima": [[500, 0], [268, 0]], "EasyEnsemble,16,abalone": [[1281, 2635], [2, 259]], "SVC,32,abalone": [[3916, 0], [261, 0]], "MWMOTE,0.0001,uair": [[26628, 2289], [141, 3846]], "SVC,1e-06,isolet": [[1499, 0], [60, 0]], "vSVM,0.0001,abalone": [[2805, 1111], [130, 131]], "SMOTE,32,uair": [[28917, 0], [3987, 0]], "SMOTE,0.01,pima": [[265, 235], [21, 247]], "SVC,16,letter": [[19211, 0], [738, 51]], "vSVM,4,mf-zer": [[1800, 0], [200, 0]], "vSVM,0.0001,mf-mor": [[1800, 0], [110, 90]], "MWMOTE,0.1,pima": [[270, 230], [29, 239]], "SVC,0.0001,isolet": [[1499, 0], [60, 0]], "MWMOTE,1e-06,pima": [[0, 500], [0, 268]], "vSVM,0.1,letter": [[19197, 14], [400, 389]], "SMOTE,0.01,mf-zer": [[1796, 4], [5, 195]], "EasyEnsemble,1e-08,mf-zer": [[1234, 566], [3, 197]], "MWMOTE,1e-06,isolet": [[1499, 0], [60, 0]], "vSVM,8,pima": [[500, 0], [268, 0]], "SVC,8,sat": [[1789, 0], [211, 0]], "SMOTE,1e-07,letter": [[19211, 0], [789, 0]], "vSVM,1e-07,sat": [[1428, 361], [22, 189]], "EasyEnsemble,1e-06,abalone": [[2630, 1286], [92, 169]], "MWMOTE,1e-07,pima": [[0, 500], [0, 268]], "MWMOTE,1e-07,isolet": [[1499, 0], [60, 0]], "vSVM,1e-06,abalone": [[2355, 1561], [87, 174]], "SVC,0.1,uair": [[28317, 600], [998, 2989]], "EasyEnsemble,1e-07,mf-zer": [[1277, 523], [4, 196]], "MWMOTE,1e-05,uair": [[25552, 3365], [80, 3907]], "MWMOTE,0.0001,letter": [[19023, 188], [98, 691]], "SVC,0.1,mf-mor": [[1800, 0], [3, 197]], "EasyEnsemble,0.1,pima": [[381, 119], [62, 206]], "vSVM,1,pima": [[488, 12], [258, 10]], "SMOTE,4,isolet": [[1499, 0], [60, 0]], "EasyEnsemble,16,pima": [[69, 431], [0, 268]], "SMOTE,2,letter": [[19211, 0], [374, 415]], "SMOTE,2,mf-zer": [[1800, 0], [200, 0]], "MWMOTE,1e-06,sat": [[1789, 0], [211, 0]], "vSVM,1e-07,isolet": [[1307, 192], [19, 41]], "SVC,1e-05,uair": [[28917, 0], [3987, 0]], "EasyEnsemble,1e-07,sat": [[284, 1505], [0, 211]], "MWMOTE,1e-06,abalone": [[3916, 0], [261, 0]]}