{"vSVM,0.0001,uair": [[26892, 2025], [1860, 2127]], "vSVM,1,letter": [[19211, 0], [543, 246]], "EasyEnsemble,1,mf-mor": [[1794, 6], [1, 199]], "SVC,1e-05,pima": [[500, 0], [268, 0]], "vSVM,4,abalone": [[3805, 111], [239, 22]], "SMOTE,0.1,uair": [[27868, 1049], [881, 3106]], "SMOTE,0.01,mf-mor": [[1800, 0], [3, 197]], "EasyEnsemble,0.001,letter": [[18403, 808], [86, 703]], "EasyEnsemble,1e-06,mf-zer": [[1325, 475], [3, 197]], "vSVM,2,pima": [[500, 0], [268, 0]], "EasyEnsemble,8,uair": [[28877, 40], [3851, 136]], "SMOTE,16,uair": [[28916, 1], [3986, 1]], "SVC,2,mf-mor": [[1800, 0], [3, 197]], "EasyEnsemble,8,sat": [[29, 1760], [0, 211]], "EasyEnsemble,32,mf-mor": [[1800, 0], [3, 197]], "EasyEnsemble,0.0001,isolet": [[1278, 221], [0, 60]], "SMOTE,4,sat": [[1789, 0], [211, 0]], "SVC,0.01,abalone": [[3916, 0], [261, 0]], "EasyEnsemble,32,sat": [[0, 1789], [0, 211]], "SMOTE,1e-05,abalone": [[3916, 0], [261, 0]], "EasyEnsemble,0.1,uair": [[24741, 4176], [73, 3914]], "SMOTE,1e-06,letter": [[19211, 0], [789, 0]], "EasyEnsemble,1e-07,uair": [[25317, 3600], [82, 3905]], "EasyEnsemble,1e-06,pima": [[310, 190], [41, 227]], "SVC,1e-08,pima": [[500, 0], [268, 0]], "SMOTE,2,abalone": [[3745, 171], [182, 79]], "EasyEnsemble,2,uair": [[11834, 17083], [18, 3969]], "SMOTE,1,uair": [[28725, 192], [3159, 828]], "MWMOTE,1e-07,letter": [[19211, 0], [789, 0]], "SMOTE,0.0001,letter": [[19030, 181], [98, 691]], "SMOTE,0.001,mf-mor": [[1800, 0], [3, 197]], "MWMOTE,1e-05,isolet": [[1499, 0], [60, 0]], "MWMOTE,0.0001,abalone": [[3916, 0], [261, 0]], "MWMOTE,8,uair": [[28915, 2], [3984, 3]], "EasyEnsemble,0.001,pima": [[381, 119], [85, 183]], "SMOTE,1e-06,uair": [[28917, 0], [3987, 0]], "SMOTE,0.001,uair": [[27170, 1747], [195, 3792]], "SVC,2,sat": [[1788, 1], [157, 54]], "EasyEnsemble,32,letter": [[19211, 0], [136, 653]], "SMOTE,8,mf-mor": [[1800, 0], [3, 197]], "EasyEnsemble,1e-07,abalone": [[2664, 1252], [96, 165]], "SVC,32,uair": [[28917, 0], [3987, 0]], "EasyEnsemble,1e-05,abalone": [[2663, 1253], [94, 167]], "SMOTE,32,mf-zer": [[1800, 0], [200, 0]], "vSVM,4,uair": [[28917, 0], [3987, 0]], "MWMOTE,0.1,letter": [[19203, 8], [5, 784]], "MWMOTE,4,sat": [[1789, 0], [210, 1]], "SMOTE,1e-05,mf-zer": [[1800, 0], [200, 0]], "vSVM,2,sat": [[1789, 0], [208, 3]], "EasyEnsemble,0.001,uair": [[25520, 3397], [78, 3909]], "EasyEnsemble,8,pima": [[82, 418], [1, 267]], "SVC,0.001,letter": [[19168, 43], [126, 663]], "vSVM,1e-05,pima": [[310, 190], [146, 122]], "SVC,2,letter": [[19211, 0], [435, 354]], "vSVM,2,mf-mor": [[1800, 0], [103, 97]], "vSVM,0.001,pima": [[307, 193], [137, 131]], "MWMOTE,16,sat": [[1789, 0], [211, 0]], "MWMOTE,1,mf-mor": [[1800, 0], [3, 197]], "SVC,4,letter": [[19211, 0], [689, 100]], "SMOTE,0.001,abalone": [[3911, 5], [250, 11]], "EasyEnsemble,1e-08,pima": [[310, 190], [41, 227]], "EasyEnsemble,1e-06,sat": [[284, 1505], [0, 211]], "MWMOTE,1e-06,mf-zer": [[1800, 0], [200, 0]], "vSVM,1e-07,uair": [[27153, 1764], [2202, 1785]], "vSVM,1e-08,letter": [[13058, 6153], [254, 535]], "SVC,1e-08,abalone": [[3916, 0], [261, 0]], "SMOTE,0.01,abalone": [[3794, 122], [153, 108]], "MWMOTE,1e-05,mf-mor": [[1800, 0], [200, 0]], "vSVM,0.0001,isolet": [[1473, 26], [36, 24]], "vSVM,32,sat": [[1789, 0], [211, 0]], "SMOTE,0.0001,pima": [[0, 500], [0, 268]], "vSVM,4,sat": [[1789, 0], [211, 0]], "MWMOTE,1e-07,mf-zer": [[1800, 0], [200, 0]], "EasyEnsemble,1e-05,letter": [[15731, 3480], [85, 704]], "MWMOTE,0.0001,pima": [[0, 500], [0, 268]], "vSVM,1e-07,mf-mor": [[417, 1383], [3, 197]], "SVC,1e-07,mf-zer": [[1800, 0], [200, 0]], "MWMOTE,0.001,mf-mor": [[1800, 0], [3, 197]], "EasyEnsemble,0.01,uair": [[25451, 3466], [76, 3911]], "EasyEnsemble,1e-05,mf-mor": [[786, 1014], [3, 197]], "EasyEnsemble,2,letter": [[19211, 0], [95, 694]], "SVC,1,mf-zer": [[1800, 0], [200, 0]], "vSVM,4,letter": [[19211, 0], [768, 21]], "vSVM,0.001,abalone": [[2830, 1086], [135, 126]], "vSVM,32,uair": [[28917, 0], [3987, 0]], "MWMOTE,2,sat": [[1788, 1], [149, 62]], "vSVM,0.001,mf-zer": [[1800, 0], [104, 96]], "vSVM,1e-05,uair": [[26888, 2029], [1860, 2127]], "MWMOTE,32,letter": [[19211, 0], [738, 51]], "SMOTE,16,abalone": [[3870, 46], [250, 11]], "SMOTE,1e-08,uair": [[28917, 0], [3987, 0]], "vSVM,8,isolet": [[1499, 0], [60, 0]], "vSVM,0.01,sat": [[1735, 54], [92, 119]], "vSVM,1e-07,pima": [[159, 341], [83, 185]], "SMOTE,32,abalone": [[3911, 5], [259, 2]], "SVC,0.1,pima": [[436, 64], [131, 137]], "SVC,1,sat": [[1782, 7], [90, 121]], "EasyEnsemble,1e-08,sat": [[285, 1504], [0, 211]], "MWMOTE,0.01,sat": [[1598, 191], [33, 178]], "SMOTE,0.01,isolet": [[1499, 0], [6, 54]], "EasyEnsemble,1e-07,letter": [[15626, 3585], [85, 704]], "EasyEnsemble,16,mf-mor": [[1800, 0], [1, 199]], "vSVM,0.01,pima": [[311, 189], [139, 129]], "SMOTE,0.0001,abalone": [[3916, 0], [261, 0]], "SMOTE,4,mf-zer": [[1800, 0], [200, 0]], "vSVM,1e-08,mf-zer": [[901, 899], [4, 196]], "MWMOTE,2,mf-mor": [[1800, 0], [3, 197]], "vSVM,1e-05,letter": [[19023, 188], [403, 386]], "EasyEnsemble,1e-05,isolet": [[1275, 224], [0, 60]], "EasyEnsemble,0.0001,uair": [[24520, 4397], [50, 3937]], "vSVM,0.01,mf-zer": [[1800, 0], [103, 97]], "EasyEnsemble,1e-07,mf-mor": [[798, 1002], [3, 197]], "SVC,0.01,mf-zer": [[1797, 3], [9, 191]], "MWMOTE,1e-08,pima": [[0, 500], [0, 268]], "SMOTE,0.1,letter": [[19206, 5], [14, 775]], "vSVM,1e-06,mf-zer": [[1798, 2], [84, 116]], "EasyEnsemble,1,letter": [[19211, 0], [18, 771]], "SVC,0.01,isolet": [[1499, 0], [5, 55]], "SMOTE,16,isolet": [[1499, 0], [60, 0]], "EasyEnsemble,16,uair": [[28911, 6], [3961, 26]], "EasyEnsemble,0.001,sat": [[803, 986], [1, 210]], "vSVM,0.001,isolet": [[1473, 26], [36, 24]], "MWMOTE,8,sat": [[1789, 0], [211, 0]], "SMOTE,1,pima": [[356, 144], [76, 192]], "EasyEnsemble,1e-06,uair": [[25317, 3600], [82, 3905]], "SVC,0.0001,pima": [[500, 0], [268, 0]], "SMOTE,1e-08,sat": [[1789, 0], [211, 0]], "vSVM,0.1,mf-mor": [[1800, 0], [100, 100]], "MWMOTE,1e-08,letter": [[19211, 0], [789, 0]], "SMOTE,1e-07,isolet": [[1499, 0], [60, 0]], "vSVM,0.0001,sat": [[1736, 53], [93, 118]], "SVC,1e-08,mf-mor": [[1800, 0], [200, 0]], "vSVM,1e-08,pima": [[151, 349], [68, 200]], "MWMOTE,1e-07,abalone": [[3916, 0], [261, 0]], "SMOTE,1,letter": [[19211, 0], [145, 644]], "MWMOTE,16,letter": [[19211, 0], [740, 49]], "SVC,16,mf-mor": [[1800, 0], [4, 196]], "SVC,0.001,uair": [[28181, 736], [527, 3460]], "vSVM,0.01,mf-mor": [[1800, 0], [103, 97]], "vSVM,32,pima": [[500, 0], [268, 0]], "SMOTE,2,sat": [[1788, 1], [149, 62]], "EasyEnsemble,2,mf-mor": [[1788, 12], [1, 199]], "SVC,1e-07,pima": [[500, 0], [268, 0]], "vSVM,16,uair": [[28917, 0], [3987, 0]], "SVC,32,mf-mor": [[1800, 0], [8, 192]], "EasyEnsemble,0.1,sat": [[1148, 641], [1, 210]], "vSVM,8,uair": [[28917, 0], [3987, 0]], "SVC,0.1,sat": [[1750, 39], [55, 156]], "vSVM,1e-05,abalone": [[2828, 1088], [134, 127]], "SMOTE,0.0001,isolet": [[1499, 0], [47, 13]], "SMOTE,8,pima": [[16, 484], [1, 267]], "EasyEnsemble,1e-06,letter": [[15791, 3420], [85, 704]], "vSVM,2,abalone": [[3488, 428], [188, 73]], "MWMOTE,16,uair": [[28917, 0], [3986, 1]], "SMOTE,8,uair": [[28915, 2], [3983, 4]], "EasyEnsemble,32,pima": [[245, 255], [0, 268]], "MWMOTE,1e-06,letter": [[19211, 0], [789, 0]], "MWMOTE,0.01,mf-zer": [[1793, 7], [4, 196]], "EasyEnsemble,2,isolet": [[1499, 0], [60, 0]], "vSVM,2,uair": [[28917, 0], [3986, 1]], "vSVM,8,mf-zer": [[1800, 0], [200, 0]], "vSVM,0.0001,letter": [[19004, 207], [394, 395]], "SMOTE,8,mf-zer": [[1800, 0], [200, 0]], "vSVM,1e-08,isolet": [[1213, 286], [17, 43]], "EasyEnsemble,1e-07,isolet": [[1275, 224], [0, 60]], "SMOTE,1e-07,pima": [[0, 500], [0, 268]], "SVC,16,isolet": [[1499, 0], [60, 0]], "SVC,1e-07,sat": [[1789, 0], [211, 0]], "EasyEnsemble,4,mf-zer": [[3, 1797], [0, 200]], "vSVM,2,isolet": [[1499, 0], [60, 0]], "SVC,4,isolet": [[1499, 0], [60, 0]], "vSVM,1,isolet": [[1499, 0], [60, 0]], "MWMOTE,0.01,pima": [[214, 286], [16, 252]], "EasyEnsemble,0.01,isolet": [[1457, 42], [1, 59]], "SMOTE,16,sat": [[1789, 0], [211, 0]], "SVC,0.001,sat": [[1789, 0], [211, 0]], "MWMOTE,0.0001,sat": [[1789, 0], [211, 0]], "vSVM,32,mf-zer": [[1800, 0], [200, 0]], "SMOTE,4,uair": [[28913, 4], [3973, 14]], "EasyEnsemble,1e-08,uair": [[25314, 3603], [82, 3905]], "SVC,1e-06,sat": [[1789, 0], [211, 0]], "MWMOTE,0.01,abalone": [[3767, 149], [142, 119]], "EasyEnsemble,0.0001,abalone": [[2617, 1299], [91, 170]], "MWMOTE,1,letter": [[19211, 0], [144, 645]], "EasyEnsemble,4,pima": [[192, 308], [6, 262]], "SMOTE,2,mf-mor": [[1800, 0], [3, 197]], "SVC,4,pima": [[499, 1], [267, 1]], "SMOTE,1e-08,abalone": [[3916, 0], [261, 0]], "MWMOTE,1e-05,pima": [[0, 500], [0, 268]], "SMOTE,1e-05,pima": [[0, 500], [0, 268]], "MWMOTE,4,letter": [[19211, 0], [657, 132]], "SMOTE,1e-07,uair": [[28917, 0], [3987, 0]], "SMOTE,0.001,sat": [[1644, 145], [62, 149]], "SMOTE,0.01,letter": [[19177, 34], [95, 694]], "SVC,8,isolet": [[1499, 0], [60, 0]], "SMOTE,1e-08,letter": [[19211, 0], [789, 0]], "MWMOTE,1e-05,sat": [[1789, 0], [211, 0]], "SVC,1e-06,uair": [[28917, 0], [3987, 0]], "MWMOTE,0.0001,mf-mor": [[1800, 0], [200, 0]], "vSVM,0.0001,pima": [[303, 197], [133, 135]], "MWMOTE,1e-08,mf-mor": [[1800, 0], [200, 0]], "EasyEnsemble,32,abalone": [[752, 3164], [0, 261]], "SMOTE,1e-05,sat": [[1789, 0], [211, 0]], "SVC,1e-07,isolet": [[1499, 0], [60, 0]], "SMOTE,1e-07,abalone": [[3916, 0], [261, 0]], "SMOTE,1e-07,mf-mor": [[1800, 0], [200, 0]], "EasyEnsemble,16,sat": [[0, 1789], [0, 211]], "MWMOTE,0.01,letter": [[19113, 98], [63, 726]], "EasyEnsemble,4,sat": [[658, 1131], [4, 207]], "EasyEnsemble,0.001,abalone": [[2278, 1638], [54, 207]], "MWMOTE,1e-07,uair": [[28917, 0], [3987, 0]], "SMOTE,4,letter": [[19211, 0], [647, 142]], "MWMOTE,32,mf-mor": [[1800, 0], [7, 193]], "SMOTE,16,mf-zer": [[1800, 0], [200, 0]], "SMOTE,1e-05,uair": [[26212, 2705], [109, 3878]], "SVC,0.001,mf-zer": [[1798, 2], [17, 183]], "SMOTE,0.001,mf-zer": [[1794, 6], [6, 194]], "EasyEnsemble,0.1,mf-mor": [[1800, 0], [3, 197]], "MWMOTE,4,uair": [[28915, 2], [3976, 11]], "MWMOTE,0.1,mf-mor": [[1800, 0], [3, 197]], "EasyEnsemble,0.01,letter": [[18689, 522], [39, 750]], "SMOTE,1e-06,sat": [[1789, 0], [211, 0]], "SVC,4,abalone": [[3908, 8], [256, 5]], "SVC,0.1,letter": [[19210, 1], [62, 727]], "SMOTE,0.1,abalone": [[3719, 197], [124, 137]], "vSVM,1e-08,mf-mor": [[997, 803], [86, 114]], "SVC,1e-07,abalone": [[3916, 0], [261, 0]], "SMOTE,8,isolet": [[1499, 0], [60, 0]], "SMOTE,16,mf-mor": [[1800, 0], [3, 197]], "SMOTE,0.01,sat": [[1607, 182], [34, 177]], "EasyEnsemble,4,mf-mor": [[1788, 12], [1, 199]], "EasyEnsemble,16,mf-zer": [[13, 1787], [0, 200]], "EasyEnsemble,0.0001,pima": [[297, 203], [40, 228]], "SMOTE,32,isolet": [[1499, 0], [60, 0]], "vSVM,0.01,isolet": [[1474, 25], [36, 24]], "SMOTE,1e-08,mf-zer": [[1800, 0], [200, 0]], "MWMOTE,4,abalone": [[3779, 137], [204, 57]], "MWMOTE,0.01,isolet": [[1499, 0], [6, 54]], "SMOTE,1e-05,letter": [[19211, 0], [789, 0]], "EasyEnsemble,16,isolet": [[0, 1499], [0, 60]], "MWMOTE,16,pima": [[0, 500], [0, 268]], "EasyEnsemble,0.1,letter": [[18958, 253], [0, 789]], "MWMOTE,1,abalone": [[3707, 209], [153, 108]], "SVC,1e-05,mf-zer": [[1800, 0], [200, 0]], "MWMOTE,0.01,uair": [[27327, 1590], [263, 3724]], "MWMOTE,0.001,sat": [[1661, 128], [66, 145]], "vSVM,1,mf-mor": [[1800, 0], [98, 102]], "vSVM,1e-06,isolet": [[1467, 32], [36, 24]], "MWMOTE,1,mf-zer": [[1800, 0], [199, 1]], "SMOTE,1e-06,mf-zer": [[1800, 0], [200, 0]], "vSVM,8,letter": [[19211, 0], [770, 19]], "SVC,0.001,pima": [[497, 3], [258, 10]], "vSVM,16,isolet": [[1499, 0], [60, 0]], "EasyEnsemble,0.0001,sat": [[520, 1269], [0, 211]], "vSVM,4,mf-mor": [[1800, 0], [99, 101]], "SMOTE,8,sat": [[1789, 0], [211, 0]], "SMOTE,0.001,isolet": [[1497, 2], [3, 57]], "MWMOTE,16,abalone": [[3875, 41], [252, 9]], "MWMOTE,16,isolet": [[1499, 0], [60, 0]], "SVC,32,mf-zer": [[1800, 0], [200, 0]], "MWMOTE,2,letter": [[19211, 0], [374, 415]], "EasyEnsemble,4,abalone": [[2486, 1430], [12, 249]], "EasyEnsemble,4,uair": [[28348, 569], [2796, 1191]], "EasyEnsemble,32,uair": [[28913, 4], [3979, 8]], "SMOTE,0.0001,sat": [[1789, 0], [211, 0]], "MWMOTE,2,mf-zer": [[1800, 0], [200, 0]], "SMOTE,0.1,mf-mor": [[1800, 0], [3, 197]], "EasyEnsemble,0.1,isolet": [[1494, 5], [37, 23]], "SVC,0.01,mf-mor": [[1800, 0], [3, 197]], "SVC,1e-06,abalone": [[3916, 0], [261, 0]], "EasyEnsemble,1e-06,isolet": [[1275, 224], [0, 60]], "vSVM,1,abalone": [[3301, 615], [152, 109]], "EasyEnsemble,1e-05,sat": [[285, 1504], [0, 211]], "SVC,0.0001,sat": [[1789, 0], [211, 0]], "vSVM,4,pima": [[500, 0], [268, 0]], "SMOTE,1,abalone": [[3710, 206], [160, 101]], "vSVM,16,pima": [[500, 0], [268, 0]], "MWMOTE,0.1,uair": [[27796, 1121], [881, 3106]], "MWMOTE,1e-07,sat": [[1789, 0], [211, 0]], "SVC,0.0001,uair": [[28476, 441], [1020, 2967]], "EasyEnsemble,4,letter": [[19211, 0], [67, 722]], "EasyEnsemble,0.01,abalone": [[2769, 1147], [41, 220]], "vSVM,0.001,letter": [[19023, 188], [400, 389]], "SMOTE,32,letter": [[19211, 0], [736, 53]], "MWMOTE,0.001,abalone": [[3913, 3], [257, 4]], "EasyEnsemble,1,isolet": [[1499, 0], [60, 0]], "SVC,32,isolet": [[1499, 0], [60, 0]], "vSVM,1e-05,mf-mor": [[1800, 0], [32, 168]], "SVC,1e-08,isolet": [[1499, 0], [60, 0]], "MWMOTE,1,uair": [[28728, 189], [3188, 799]], "SVC,0.01,sat": [[1789, 0], [211, 0]], "EasyEnsemble,8,isolet": [[295, 1204], [0, 60]], "MWMOTE,0.1,sat": [[1689, 100], [19, 192]], "MWMOTE,1,isolet": [[1499, 0], [60, 0]], "MWMOTE,8,abalone": [[3820, 96], [224, 37]], "EasyEnsemble,0.0001,letter": [[17150, 2061], [86, 703]], "SVC,8,mf-mor": [[1800, 0], [4, 196]], "SMOTE,2,uair": [[28890, 27], [3874, 113]], "MWMOTE,2,isolet": [[1499, 0], [60, 0]], "SVC,4,sat": [[1789, 0], [211, 0]], "SMOTE,1e-08,isolet": [[1499, 0], [60, 0]], "SVC,0.001,isolet": [[1499, 0], [28, 32]], "SMOTE,16,letter": [[19211, 0], [740, 49]], "SVC,4,uair": [[28917, 0], [3985, 2]], "SVC,1e-08,sat": [[1789, 0], [211, 0]], "SVC,1,letter": [[19211, 0], [184, 605]], "SVC,0.001,mf-mor": [[1800, 0], [200, 0]], "SMOTE,2,isolet": [[1499, 0], [60, 0]], "MWMOTE,1e-05,abalone": [[3916, 0], [261, 0]], "SMOTE,1,isolet": [[1499, 0], [60, 0]], "SMOTE,32,mf-mor": [[1800, 0], [7, 193]], "EasyEnsemble,2,abalone": [[2721, 1195], [15, 246]], "SMOTE,4,pima": [[204, 296], [33, 235]], "EasyEnsemble,2,mf-zer": [[837, 963], [36, 164]], "SMOTE,0.01,uair": [[27466, 1451], [270, 3717]], "MWMOTE,1e-08,mf-zer": [[1800, 0], [200, 0]], "SVC,1e-06,mf-mor": [[1800, 0], [200, 0]], "SVC,1e-05,letter": [[19211, 0], [789, 0]], "SVC,1e-06,letter": [[19211, 0], [789, 0]], "SMOTE,2,pima": [[323, 177], [72, 196]], "SVC,32,sat": [[1789, 0], [211, 0]], "EasyEnsemble,32,mf-zer": [[23, 1777], [0, 200]], "vSVM,1e-06,mf-mor": [[1800, 0], [70, 130]], "EasyEnsemble,0.01,mf-mor": [[1690, 110], [3, 197]], "SVC,8,uair": [[28917, 0], [3987, 0]], "SMOTE,1e-08,pima": [[0, 500], [0, 268]], "EasyEnsemble,1e-05,mf-zer": [[1279, 521], [3, 197]], "EasyEnsemble,0.0001,mf-mor": [[789, 1011], [3, 197]], "vSVM,0.1,mf-zer": [[1800, 0], [116, 84]], "vSVM,1e-08,abalone": [[1914, 2002], [85, 176]], "SVC,1e-06,pima": [[500, 0], [268, 0]], "SVC,1e-06,mf-zer": [[1800, 0], [200, 0]], "SVC,1e-05,mf-mor": [[1800, 0], [200, 0]], "SMOTE,16,pima": [[0, 500], [0, 268]], "SMOTE,1,sat": [[1782, 7], [80, 131]], "MWMOTE,32,sat": [[1789, 0], [211, 0]], "EasyEnsemble,16,letter": [[19211, 0], [149, 640]], "SVC,1e-08,letter": [[19211, 0], [789, 0]], "EasyEnsemble,1,pima": [[347, 153], [26, 242]], "vSVM,1e-05,isolet": [[1473, 26], [36, 24]], "SVC,1,uair": [[28862, 55], [3562, 425]], "vSVM,0.1,pima": [[320, 180], [138, 130]], "vSVM,16,sat": [[1789, 0], [211, 0]], "SVC,16,sat": [[1789, 0], [211, 0]], "MWMOTE,32,abalone": [[3909, 7], [261, 0]], "EasyEnsemble,0.001,mf-zer": [[1571, 229], [4, 196]], "MWMOTE,4,pima": [[404, 96], [200, 68]], "MWMOTE,32,mf-zer": [[1800, 0], [200, 0]], "vSVM,1e-06,pima": [[316, 184], [152, 116]], "SVC,0.1,abalone": [[3911, 5], [250, 11]], "SVC,16,uair": [[28917, 0], [3987, 0]], "vSVM,1,mf-zer": [[1800, 0], [200, 0]], "EasyEnsemble,1e-07,pima": [[310, 190], [42, 226]], "EasyEnsemble,0.01,mf-zer": [[1591, 209], [1, 199]], "MWMOTE,4,mf-zer": [[1800, 0], [200, 0]], "vSVM,1e-06,sat": [[1691, 98], [68, 143]], "SVC,1,pima": [[441, 59], [170, 98]], "MWMOTE,32,uair": [[28917, 0], [3986, 1]], "MWMOTE,1e-08,sat": [[1789, 0], [211, 0]], "vSVM,1e-07,abalone": [[1755, 2161], [62, 199]], "SMOTE,32,sat": [[1789, 0], [211, 0]], "SMOTE,0.0001,mf-zer": [[1761, 39], [10, 190]], "MWMOTE,0.001,isolet": [[1497, 2], [4, 56]], "EasyEnsemble,1,abalone": [[2925, 991], [22, 239]], "EasyEnsemble,1e-06,mf-mor": [[816, 984], [3, 197]], "SVC,1,abalone": [[3900, 16], [243, 18]], "MWMOTE,0.0001,isolet": [[1499, 0], [47, 13]], "SVC,8,mf-zer": [[1800, 0], [200, 0]], "EasyEnsemble,32,isolet": [[0, 1499], [0, 60]], "EasyEnsemble,8,mf-zer": [[18, 1782], [0, 200]], "MWMOTE,2,uair": [[28890, 27], [3871, 116]], "MWMOTE,0.1,isolet": [[1499, 0], [60, 0]], "vSVM,16,mf-zer": [[1800, 0], [200, 0]], "vSVM,0.1,isolet": [[1499, 0], [60, 0]], "SVC,0.001,abalone": [[3916, 0], [261, 0]], "SVC,2,pima": [[480, 20], [246, 22]], "SVC,1e-05,sat": [[1789, 0], [211, 0]], "vSVM,0.1,abalone": [[2969, 947], [134, 127]], "SMOTE,1e-08,mf-mor": [[1800, 0], [200, 0]], "SVC,32,letter": [[19211, 0], [742, 47]], "SMOTE,0.1,sat": [[1698, 91], [19, 192]], "MWMOTE,1e-07,mf-mor": [[1800, 0], [200, 0]], "vSVM,16,mf-mor": [[1800, 0], [110, 90]], "vSVM,1e-07,mf-zer": [[1736, 64], [104, 96]], "SVC,1e-07,mf-mor": [[1800, 0], [200, 0]], "vSVM,32,isolet": [[1499, 0], [60, 0]], "EasyEnsemble,1,mf-zer": [[1800, 0], [17, 183]], "MWMOTE,1e-06,mf-mor": [[1800, 0], [200, 0]], "EasyEnsemble,4,isolet": [[1499, 0], [60, 0]], "SVC,0.1,mf-zer": [[1798, 2], [18, 182]], "MWMOTE,1,pima": [[358, 142], [102, 166]], "SMOTE,0.0001,mf-mor": [[1800, 0], [200, 0]], "SVC,1e-08,mf-zer": [[1800, 0], [200, 0]], "vSVM,0.001,sat": [[1737, 52], [94, 117]], "MWMOTE,4,isolet": [[1499, 0], [60, 0]], "vSVM,0.01,letter": [[19068, 143], [396, 393]], "MWMOTE,1e-08,uair": [[28917, 0], [3987, 0]], "EasyEnsemble,0.1,mf-zer": [[1753, 47], [3, 197]], "EasyEnsemble,1e-05,pima": [[304, 196], [41, 227]], "SMOTE,1e-06,isolet": [[1499, 0], [60, 0]], "SMOTE,1,mf-mor": [[1800, 0], [3, 197]], "SMOTE,8,letter": [[19211, 0], [713, 76]], "vSVM,8,abalone": [[3910, 6], [261, 0]], "vSVM,1e-07,letter": [[17162, 2049], [240, 549]], "SMOTE,1e-07,sat": [[1789, 0], [211, 0]], "MWMOTE,0.01,mf-mor": [[1800, 0], [3, 197]], "SMOTE,4,mf-mor": [[1800, 0], [3, 197]], "SMOTE,1e-06,abalone": [[3916, 0], [261, 0]], "vSVM,8,sat": [[1789, 0], [211, 0]], "EasyEnsemble,2,pima": [[285, 215], [14, 254]], "vSVM,4,isolet": [[1499, 0], [60, 0]], "SVC,0.0001,letter": [[19211, 0], [789, 0]], "EasyEnsemble,0.001,isolet": [[1417, 82], [0, 60]], "vSVM,2,letter": [[19211, 0], [711, 78]], "vSVM,2,mf-zer": [[1800, 0], [200, 0]], "SVC,0.0001,mf-zer": [[1800, 0], [200, 0]], "SVC,16,pima": [[500, 0], [268, 0]], "SVC,1e-05,abalone": [[3916, 0], [261, 0]], "MWMOTE,1e-08,abalone": [[3916, 0], [261, 0]], "SVC,0.0001,abalone": [[3916, 0], [261, 0]], "EasyEnsemble,8,abalone": [[1977, 1939], [3, 258]], "SVC,2,abalone": [[3904, 12], [252, 9]], "SVC,0.01,letter": [[19199, 12], [107, 682]], "SMOTE,0.0001,uair": [[26766, 2151], [153, 3834]], "MWMOTE,1e-06,uair": [[28917, 0], [3987, 0]], "vSVM,1e-06,uair": [[26941, 1976], [1911, 2076]], "MWMOTE,1e-05,letter": [[19211, 0], [789, 0]], "SMOTE,4,abalone": [[3764, 152], [211, 50]], "vSVM,0.1,uair": [[27818, 1099], [2369, 1618]], "MWMOTE,8,mf-zer": [[1800, 0], [200, 0]], "SVC,0.1,isolet": [[1499, 0], [60, 0]], "SVC,8,abalone": [[3912, 4], [260, 1]], "SVC,1e-07,uair": [[28917, 0], [3987, 0]], "EasyEnsemble,0.0001,mf-zer": [[1537, 263], [4, 196]], "SMOTE,0.001,letter": [[19124, 87], [97, 692]], "SVC,32,pima": [[500, 0], [268, 0]], "vSVM,32,letter": [[19211, 0], [762, 27]], "vSVM,1e-06,letter": [[19068, 143], [442, 347]], "SVC,1e-08,uair": [[28917, 0], [3987, 0]], "SMOTE,1e-05,mf-mor": [[1800, 0], [200, 0]], "MWMOTE,8,mf-mor": [[1800, 0], [3, 197]], "MWMOTE,0.001,uair": [[27016, 1901], [170, 3817]], "vSVM,1,uair": [[28915, 2], [3982, 5]], "SVC,4,mf-mor": [[1800, 0], [3, 197]], "EasyEnsemble,8,letter": [[19211, 0], [105, 684]], "SVC,2,uair": [[28914, 3], [3975, 12]], "EasyEnsemble,1e-08,isolet": [[1272, 227], [0, 60]], "MWMOTE,8,pima": [[118, 382], [56, 212]], "SVC,0.01,uair": [[28229, 688], [552, 3435]], "SVC,1e-07,letter": [[19211, 0], [789, 0]], "MWMOTE,0.0001,mf-zer": [[1744, 56], [7, 193]], "MWMOTE,8,isolet": [[1499, 0], [60, 0]], "MWMOTE,2,abalone": [[3753, 163], [172, 89]], "SMOTE,8,abalone": [[3820, 96], [236, 25]], "SVC,16,mf-zer": [[1800, 0], [200, 0]], "vSVM,16,letter": [[19211, 0], [764, 25]], "MWMOTE,32,pima": [[0, 500], [0, 268]], "SVC,4,mf-zer": [[1800, 0], [200, 0]], "MWMOTE,0.1,abalone": [[3699, 217], [113, 148]], "vSVM,32,mf-mor": [[1800, 0], [107, 93]], "vSVM,0.001,uair": [[26906, 2011], [1862, 2125]], "vSVM,8,mf-mor": [[1800, 0], [101, 99]], "vSVM,0.01,uair": [[26997, 1920], [1902, 2085]], "MWMOTE,1e-08,isolet": [[1499, 0], [60, 0]], "MWMOTE,16,mf-zer": [[1800, 0], [200, 0]], "EasyEnsemble,1e-05,uair": [[24672, 4245], [59, 3928]], "MWMOTE,0.1,mf-zer": [[1797, 3], [15, 185]], "vSVM,0.001,mf-mor": [[1800, 0], [104, 96]], "SVC,1e-05,isolet": [[1499, 0], [60, 0]], "vSVM,1e-05,mf-zer": [[1800, 0], [102, 98]], "MWMOTE,32,isolet": [[1499, 0], [60, 0]], "EasyEnsemble,0.01,pima": [[380, 120], [72, 196]], "MWMOTE,0.001,letter": [[19087, 124], [94, 695]], "SVC,2,isolet": [[1499, 0], [60, 0]], "MWMOTE,2,pima": [[423, 77], [169, 99]], "SMOTE,1e-06,mf-mor": [[1800, 0], [200, 0]], "MWMOTE,8,letter": [[19211, 0], [729, 60]], "SVC,1,mf-mor": [[1800, 0], [3, 197]], "SMOTE,0.1,mf-zer": [[1797, 3], [15, 185]], "EasyEnsemble,2,sat": [[1692, 97], [28, 183]], "EasyEnsemble,1e-08,letter": [[15742, 3469], [85, 704]], "EasyEnsemble,1e-08,mf-mor": [[822, 978], [3, 197]], "vSVM,1,sat": [[1787, 2], [170, 41]], "SVC,1,isolet": [[1499, 0], [60, 0]], "SMOTE,1e-05,isolet": [[1499, 0], [60, 0]], "SMOTE,0.1,pima": [[291, 209], [33, 235]], "EasyEnsemble,0.001,mf-mor": [[1110, 690], [3, 197]], "EasyEnsemble,0.01,sat": [[1155, 634], [0, 211]], "MWMOTE,1e-05,mf-zer": [[1800, 0], [200, 0]], "EasyEnsemble,1e-08,abalone": [[2676, 1240], [96, 165]], "vSVM,0.01,abalone": [[2814, 1102], [128, 133]], "SMOTE,1,mf-zer": [[1800, 0], [200, 0]], "vSVM,1e-05,sat": [[1733, 56], [93, 118]], "SVC,16,abalone": [[3916, 0], [261, 0]], "EasyEnsemble,8,mf-mor": [[1797, 3], [2, 198]], "SMOTE,1e-06,pima": [[0, 500], [0, 268]], "MWMOTE,0.001,pima": [[8, 492], [0, 268]], "EasyEnsemble,1,uair": [[18218, 10699], [32, 3955]], "EasyEnsemble,1,sat": [[1521, 268], [9, 202]], "SVC,0.01,pima": [[454, 46], [130, 138]], "vSVM,0.0001,mf-zer": [[1800, 0], [100, 100]], "SVC,0.0001,mf-mor": [[1800, 0], [200, 0]], "SMOTE,32,pima": [[0, 500], [0, 268]], "EasyEnsemble,0.1,abalone": [[3052, 864], [41, 220]], "SMOTE,0.1,isolet": [[1499, 0], [60, 0]], "SVC,8,letter": [[19211, 0], [735, 54]], "SVC,2,mf-zer": [[1800, 0], [200, 0]], "MWMOTE,4,mf-mor": [[1800, 0], [3, 197]], "vSVM,32,abalone": [[3916, 0], [261, 0]], "SMOTE,0.001,pima": [[53, 447], [3, 265]], "vSVM,1e-08,sat": [[1439, 350], [22, 189]], "vSVM,0.1,sat": [[1732, 57], [97, 114]], "vSVM,1e-08,uair": [[24907, 4010], [1377, 2610]], "MWMOTE,0.001,mf-zer": [[1790, 10], [7, 193]], "vSVM,16,abalone": [[3916, 0], [261, 0]], "MWMOTE,1,sat": [[1782, 7], [80, 131]], "SMOTE,1e-07,mf-zer": [[1800, 0], [200, 0]], "MWMOTE,16,mf-mor": [[1800, 0], [3, 197]], "SVC,8,pima": [[500, 0], [268, 0]], "EasyEnsemble,16,abalone": [[1272, 2644], [0, 261]], "SVC,32,abalone": [[3916, 0], [261, 0]], "MWMOTE,0.0001,uair": [[26642, 2275], [143, 3844]], "SVC,1e-06,isolet": [[1499, 0], [60, 0]], "vSVM,0.0001,abalone": [[2827, 1089], [138, 123]], "SMOTE,32,uair": [[28917, 0], [3986, 1]], "SMOTE,0.01,pima": [[262, 238], [20, 248]], "SVC,16,letter": [[19211, 0], [736, 53]], "vSVM,4,mf-zer": [[1800, 0], [200, 0]], "vSVM,0.0001,mf-mor": [[1800, 0], [88, 112]], "MWMOTE,0.1,pima": [[286, 214], [39, 229]], "SVC,0.0001,isolet": [[1499, 0], [60, 0]], "MWMOTE,1e-06,pima": [[0, 500], [0, 268]], "vSVM,0.1,letter": [[19196, 15], [397, 392]], "SMOTE,0.01,mf-zer": [[1796, 4], [7, 193]], "EasyEnsemble,1e-08,mf-zer": [[1246, 554], [3, 197]], "MWMOTE,1e-06,isolet": [[1499, 0], [60, 0]], "vSVM,8,pima": [[500, 0], [268, 0]], "SVC,8,sat": [[1789, 0], [211, 0]], "SMOTE,1e-07,letter": [[19211, 0], [789, 0]], "vSVM,1e-07,sat": [[1428, 361], [22, 189]], "EasyEnsemble,1e-06,abalone": [[2678, 1238], [95, 166]], "MWMOTE,1e-07,pima": [[0, 500], [0, 268]], "MWMOTE,1e-07,isolet": [[1499, 0], [60, 0]], "vSVM,1e-06,abalone": [[2922, 994], [151, 110]], "SVC,0.1,uair": [[28317, 600], [998, 2989]], "EasyEnsemble,1e-07,mf-zer": [[1317, 483], [3, 197]], "MWMOTE,1e-05,uair": [[25525, 3392], [78, 3909]], "MWMOTE,0.0001,letter": [[19019, 192], [98, 691]], "SVC,0.1,mf-mor": [[1800, 0], [3, 197]], "EasyEnsemble,0.1,pima": [[380, 120], [57, 211]], "vSVM,1,pima": [[488, 12], [257, 11]], "SMOTE,4,isolet": [[1499, 0], [60, 0]], "EasyEnsemble,16,pima": [[76, 424], [3, 265]], "SMOTE,2,letter": [[19211, 0], [371, 418]], "SMOTE,2,mf-zer": [[1800, 0], [200, 0]], "MWMOTE,1e-06,sat": [[1789, 0], [211, 0]], "vSVM,1e-07,isolet": [[1307, 192], [19, 41]], "SVC,1e-05,uair": [[28917, 0], [3987, 0]], "EasyEnsemble,1e-07,sat": [[284, 1505], [0, 211]], "MWMOTE,1e-06,abalone": [[3916, 0], [261, 0]]}